,cities,Cloudiness,Country,Date,Humidity,Lat,Lng,Max Temp,Wind Speed,Latitude Bins
0,petropavlovsk-kamchatskiy,75,RU,07/22/2018 23:30:00,87,53.05,158.65,59.0,8.95,30 to 60
1,mlandizi,12,TZ,07/23/2018 00:12:44,81,-6.71,38.74,72.66,12.44,-30 to 30
2,bluff,0,AU,07/23/2018 00:12:44,50,-23.58,149.07,63.03,4.72,-30 to 30
3,mogadishu,92,SO,07/23/2018 00:08:23,99,2.04,45.34,76.62,22.17,0 to 30
4,rikitea,100,PF,07/23/2018 00:12:44,100,-23.12,-134.97,70.59,10.65,-30 to 30
5,pacific grove,1,US,07/22/2018 23:35:00,47,36.62,-121.92,77.0,21.92,30 to 60
6,yellowknife,75,CA,07/22/2018 23:00:00,39,62.45,-114.38,66.2,17.22,60 to 90
7,fortuna,0,ES,07/23/2018 00:00:00,83,38.18,-1.13,77.0,2.24,30 to 60
8,vaini,92,IN,07/23/2018 00:08:04,99,15.34,74.49,70.14,8.75,0 to 30
9,sorland,64,NO,07/23/2018 00:08:04,96,67.67,12.69,56.64,23.06,60 to 90
10,port hedland,0,AU,07/23/2018 00:00:00,82,-20.31,118.58,64.4,4.7,-30 to 30
11,te anau,92,NZ,07/23/2018 00:09:06,100,-45.41,167.72,39.72,3.94,-60  to -30
12,busselton,92,AU,07/23/2018 00:12:47,100,-33.64,115.35,61.59,24.96,-60  to -30
13,saiha,92,IN,07/23/2018 00:12:47,99,22.49,92.98,69.33,1.92,0 to 30
14,aksu,90,KZ,07/22/2018 23:30:00,100,52.04,76.93,55.4,8.95,30 to 60
15,hermanus,0,ZA,07/23/2018 00:12:48,35,-34.42,19.24,67.8,7.63,-60  to -30
17,san juan,90,PH,07/22/2018 23:00:00,100,14.6,121.03,78.8,9.17,0 to 30
19,rawson,0,AR,07/23/2018 00:12:49,49,-43.3,-65.11,35.49,12.33,-60  to -30
20,albany,75,US,07/22/2018 23:54:00,58,42.65,-73.75,82.4,10.29,30 to 60
21,khatanga,56,RU,07/23/2018 00:07:54,74,71.98,102.47,41.07,12.21,60 to 90
22,surat thani,20,TH,07/23/2018 00:00:00,94,9.14,99.33,77.0,5.82,0 to 30
23,georgetown,20,GY,07/22/2018 23:00:00,83,6.8,-58.16,80.6,6.93,0 to 30
24,urubicha,0,BO,07/23/2018 00:12:51,86,-15.63,-63.08,66.99,3.15,-30 to 30
25,kulhudhuffushi,64,MV,07/23/2018 00:12:51,100,6.62,73.07,81.21,21.83,0 to 30
26,bethel,75,US,07/22/2018 23:53:00,56,60.79,-161.76,68.0,18.34,60 to 90
27,sorong,80,ID,07/23/2018 00:12:52,100,-0.86,131.25,79.59,9.75,-30 to 30
28,saskylakh,20,RU,07/23/2018 00:12:53,87,71.97,114.09,42.06,9.42,60 to 90
29,east london,0,ZA,07/23/2018 00:12:53,94,-33.02,27.91,69.87,13.22,-60  to -30
30,desesti,88,RO,07/23/2018 00:00:00,88,47.77,23.85,66.2,2.24,30 to 60
31,buchanan,20,LR,07/22/2018 23:30:00,88,5.88,-10.05,77.0,5.17,0 to 30
32,san patricio,12,PY,07/23/2018 00:12:54,71,-26.98,-56.83,55.11,4.94,-30 to 30
33,seoul,75,KR,07/22/2018 23:56:00,74,37.57,126.98,87.8,3.6,30 to 60
34,thompson,90,CA,07/22/2018 23:08:00,56,55.74,-97.86,71.6,5.82,30 to 60
35,muros,0,ES,07/23/2018 00:00:00,93,42.77,-9.06,62.6,5.82,30 to 60
36,kyabram,76,AU,07/23/2018 00:12:55,91,-36.31,145.05,44.4,10.98,-60  to -30
37,jamestown,80,AU,07/23/2018 00:12:55,42,-33.21,138.6,56.37,20.15,-60  to -30
38,bredasdorp,0,ZA,07/22/2018 23:00:00,76,-34.53,20.04,48.2,3.36,-60  to -30
39,butaritari,64,KI,07/23/2018 00:12:56,100,3.07,172.79,82.02,4.94,0 to 30
41,severo-kurilsk,88,RU,07/23/2018 00:12:57,96,50.68,156.12,51.51,14.0,30 to 60
42,tak,75,TH,07/23/2018 00:00:00,94,16.87,99.12,75.2,5.73,0 to 30
43,barentu,92,ER,07/23/2018 00:12:57,100,15.11,37.59,66.27,3.27,0 to 30
44,ushuaia,40,AR,07/22/2018 23:00:00,64,-54.81,-68.31,37.4,5.82,-60  to -30
45,gaziantep,0,TR,07/22/2018 23:50:00,36,37.06,37.38,80.6,10.29,30 to 60
46,torbay,90,CA,07/23/2018 00:00:00,100,47.66,-52.73,64.4,21.92,30 to 60
48,tuktoyaktuk,40,CA,07/22/2018 23:00:00,68,69.44,-133.03,66.2,8.05,60 to 90
49,blagoveshchenka,92,RU,07/23/2018 00:12:59,100,52.83,79.87,58.08,3.38,30 to 60
50,nanning,40,CN,07/22/2018 23:00:00,94,22.83,108.3,77.0,4.47,0 to 30
51,pevek,12,RU,07/23/2018 00:13:00,90,69.7,170.27,46.56,6.73,60 to 90
52,necochea,0,AR,07/23/2018 00:13:00,80,-38.55,-58.74,39.54,10.76,-60  to -30
54,kapaa,20,US,07/22/2018 22:56:00,70,22.08,-159.32,87.8,16.11,0 to 30
55,wangqing,8,CN,07/23/2018 00:13:01,83,43.31,129.76,83.64,2.26,30 to 60
56,ribeira grande,100,PT,07/23/2018 00:13:01,100,38.52,-28.7,72.75,15.12,30 to 60
57,mataura,92,NZ,07/23/2018 00:13:01,100,-46.19,168.86,43.68,8.97,-60  to -30
58,saint george,0,GR,07/22/2018 23:50:00,34,39.45,22.34,78.8,5.82,30 to 60
59,guerrero negro,12,MX,07/23/2018 00:13:02,66,27.97,-114.04,78.69,13.22,0 to 30
60,lagoa,0,PT,07/22/2018 23:30:00,56,37.14,-8.45,73.4,3.36,30 to 60
61,port elizabeth,90,US,07/22/2018 23:54:00,88,39.31,-74.98,82.4,11.41,30 to 60
62,lexington,90,US,07/22/2018 23:42:00,88,38.05,-84.5,75.2,3.36,30 to 60
63,madimba,75,CM,07/22/2018 23:00:00,100,4.42,9.93,77.0,1.12,0 to 30
64,ovalle,0,CL,07/23/2018 00:13:04,75,-30.6,-71.2,42.69,4.16,-60  to -30
65,cockburn town,76,TC,07/23/2018 00:13:04,99,21.46,-71.14,82.2,17.25,0 to 30
66,lebu,75,ET,07/22/2018 23:00:00,93,8.96,38.73,57.2,2.48,0 to 30
67,castro,92,CL,07/23/2018 00:13:05,100,-42.48,-73.76,42.33,5.17,-60  to -30
68,champerico,40,MX,07/22/2018 22:47:00,55,16.38,-93.6,87.8,21.92,0 to 30
69,buraydah,0,SA,07/22/2018 23:00:00,24,26.33,43.97,93.2,13.87,0 to 30
70,punta arenas,75,CL,07/22/2018 23:00:00,98,-53.16,-70.91,37.4,14.99,-60  to -30
71,nanortalik,0,GL,07/23/2018 00:12:29,96,60.14,-45.24,39.09,5.17,60 to 90
72,christchurch,44,NZ,07/22/2018 23:30:00,81,-43.53,172.64,46.4,14.99,-60  to -30
73,skibbereen,75,IE,07/22/2018 23:30:00,82,51.55,-9.27,68.0,4.7,30 to 60
74,anshun,0,CN,07/23/2018 00:13:06,93,26.25,105.93,69.87,3.94,0 to 30
76,itoman,90,JP,07/22/2018 23:56:00,79,26.12,127.67,86.0,10.29,0 to 30
78,atuona,56,PF,07/23/2018 00:13:07,100,-9.8,-139.03,78.87,17.47,-30 to 30
80,benguela,8,AO,07/23/2018 00:13:08,100,-12.58,13.4,68.43,0.69,-30 to 30
82,kirakira,64,SB,07/23/2018 00:13:08,100,-10.46,161.92,80.04,16.8,-30 to 30
83,sandovo,76,RU,07/23/2018 00:13:09,72,58.46,36.41,69.06,7.4,30 to 60
84,riyadh,0,SA,07/22/2018 23:00:00,13,24.63,46.72,86.0,4.38,0 to 30
86,tiksi,76,RU,07/23/2018 00:13:10,70,71.64,128.87,52.86,6.17,60 to 90
87,larsnes,92,NO,07/22/2018 23:50:00,100,62.2,5.58,57.2,12.75,60 to 90
88,iralaya,75,HN,07/22/2018 23:00:00,79,15.0,-83.23,84.2,6.93,0 to 30
89,arraial do cabo,8,BR,07/23/2018 00:13:11,98,-22.97,-42.02,69.15,3.38,-30 to 30
90,donduseni,0,MD,07/23/2018 00:13:11,87,48.24,27.61,60.87,2.71,30 to 60
91,barrow,0,AR,07/23/2018 00:13:11,74,-38.31,-60.23,36.57,10.65,-60  to -30
92,camocim,8,BR,07/23/2018 00:13:12,66,-2.9,-40.84,81.39,13.78,-30 to 30
93,cape town,0,ZA,07/22/2018 23:00:00,63,-33.93,18.42,60.8,11.41,-60  to -30
94,penalva,56,BR,07/23/2018 00:13:12,96,-3.29,-45.17,74.82,4.72,-30 to 30
95,kenora,1,CA,07/22/2018 23:35:00,64,49.76,-94.48,77.0,6.93,30 to 60
96,linhares,92,BR,07/23/2018 00:13:13,98,-19.38,-40.06,69.33,6.73,-30 to 30
97,hobart,75,AU,07/22/2018 23:30:00,54,-42.88,147.33,53.6,17.22,-60  to -30
98,nokia,0,FI,07/22/2018 23:50:00,93,61.48,23.51,57.2,1.12,60 to 90
99,puerto ayora,75,EC,07/22/2018 23:00:00,73,-0.74,-90.35,75.2,14.99,-30 to 30
100,lucapa,0,AO,07/23/2018 00:13:14,59,-8.42,20.74,56.46,5.84,-30 to 30
102,port alfred,0,ZA,07/23/2018 00:13:15,54,-33.59,26.89,70.77,12.21,-60  to -30
103,yuzhno-kurilsk,32,RU,07/23/2018 00:13:15,100,44.03,145.86,55.47,18.81,30 to 60
104,faanui,24,PF,07/23/2018 00:13:15,100,-16.48,-151.75,79.32,12.21,-30 to 30
105,saint-pierre,0,FR,07/23/2018 00:00:00,68,48.95,4.24,64.4,3.36,30 to 60
106,shingu,40,JP,07/22/2018 23:00:00,74,33.72,135.99,86.0,10.29,30 to 60
107,denpasar,20,ID,07/22/2018 23:30:00,83,-8.65,115.22,78.8,9.17,-30 to 30
109,puerto quijarro,0,BO,07/22/2018 23:00:00,68,-19.0,-57.72,71.6,5.82,-30 to 30
110,bom jesus do galho,64,BR,07/23/2018 00:13:17,75,-19.83,-42.32,64.47,5.39,-30 to 30
111,victoria,75,BN,07/23/2018 00:00:00,79,5.28,115.24,84.2,2.24,0 to 30
112,salalah,90,OM,07/22/2018 22:50:00,94,17.01,54.1,77.0,6.93,0 to 30
113,new norfolk,75,AU,07/22/2018 23:30:00,54,-42.78,147.06,53.6,17.22,-60  to -30
114,liverpool,0,GB,07/22/2018 23:50:00,93,53.41,-2.98,64.4,2.24,30 to 60
115,omboue,80,GA,07/23/2018 00:13:19,100,-1.57,9.26,72.48,11.54,-30 to 30
116,alto araguaia,8,BR,07/23/2018 00:13:19,43,-17.32,-53.22,72.93,7.74,-30 to 30
117,presidencia roque saenz pena,88,AR,07/23/2018 00:13:19,78,-26.79,-60.44,53.4,6.85,-30 to 30
118,utete,8,TZ,07/23/2018 00:13:20,66,-7.99,38.76,74.01,7.07,-30 to 30
119,kuala terengganu,75,MY,07/23/2018 00:00:00,94,5.33,103.14,78.8,1.12,0 to 30
121,turka,68,UA,07/23/2018 00:13:21,89,49.16,23.03,59.97,2.37,30 to 60
123,nuevo laredo,1,US,07/22/2018 23:56:00,19,27.49,-99.5,105.8,12.75,0 to 30
124,hilo,20,US,07/22/2018 22:56:00,66,19.71,-155.08,84.2,10.29,0 to 30
125,qaanaaq,88,GL,07/23/2018 00:13:22,100,77.48,-69.36,33.69,1.36,60 to 90
126,avarua,40,CK,07/23/2018 00:00:00,74,-21.21,-159.78,82.4,6.93,-30 to 30
127,ponta do sol,32,BR,07/23/2018 00:13:22,62,-20.63,-46.0,61.32,5.61,-30 to 30
128,quang ngai,32,VN,07/23/2018 00:13:23,70,15.12,108.8,80.76,5.39,0 to 30
129,herveo,40,CO,07/22/2018 23:00:00,83,5.08,-75.18,73.4,2.24,0 to 30
130,brae,92,GB,07/22/2018 23:50:00,87,60.4,-1.35,55.4,4.7,60 to 90
131,amapa,0,HN,07/23/2018 00:13:24,56,15.09,-87.97,80.04,2.15,0 to 30
132,padang,0,ID,07/23/2018 00:13:24,100,-0.92,100.36,82.02,8.86,-30 to 30
133,brokopondo,20,SR,07/22/2018 23:00:00,83,5.06,-54.98,78.8,5.82,0 to 30
134,araria,92,IN,07/23/2018 00:13:25,96,26.13,87.47,77.97,20.49,0 to 30
135,luderitz,44,NA,07/23/2018 00:13:25,61,-26.65,15.16,60.06,6.51,-30 to 30
136,nanakuli,40,US,07/22/2018 23:11:00,58,21.39,-158.15,89.6,16.11,0 to 30
137,general pico,0,AR,07/23/2018 00:13:26,37,-35.66,-63.75,44.76,13.44,-60  to -30
138,lompoc,1,US,07/22/2018 23:35:00,39,34.64,-120.46,82.4,14.99,30 to 60
139,anadyr,90,RU,07/22/2018 23:30:00,93,64.73,177.51,53.6,2.24,60 to 90
140,timbiqui,92,CO,07/23/2018 00:13:28,100,2.77,-77.67,75.36,3.49,0 to 30
141,imbituba,75,BR,07/22/2018 23:00:00,77,-28.24,-48.67,64.4,10.29,-30 to 30
142,los llanos de aridane,36,ES,07/23/2018 00:00:00,68,28.66,-17.92,69.8,10.29,0 to 30
143,inhambane,92,MZ,07/23/2018 00:13:29,99,-23.87,35.38,68.52,12.77,-30 to 30
144,ostrovnoy,32,RU,07/23/2018 00:13:29,70,68.05,39.51,70.41,17.92,60 to 90
146,zhaoqing,92,CN,07/23/2018 00:13:29,99,23.05,112.47,75.27,4.27,0 to 30
148,kaitangata,92,NZ,07/23/2018 00:13:30,100,-46.28,169.85,44.67,7.85,-60  to -30
149,hithadhoo,92,MV,07/23/2018 00:13:30,100,-0.6,73.08,74.91,4.61,-30 to 30
150,chapada dos guimaraes,0,BR,07/22/2018 23:00:00,57,-15.46,-55.75,75.2,3.36,-30 to 30
151,gweta,0,BW,07/23/2018 00:13:31,69,-20.21,25.26,57.27,16.46,-30 to 30
152,neiafu,20,TO,07/23/2018 00:00:00,54,-18.65,-173.98,78.8,5.82,-30 to 30
155,venice,20,US,07/22/2018 23:35:00,74,27.1,-82.45,89.6,12.75,0 to 30
156,nikolskoye,40,RU,07/22/2018 23:30:00,94,59.7,30.79,68.0,2.71,30 to 60
157,bathsheba,40,BB,07/22/2018 23:00:00,74,13.22,-59.52,80.6,16.11,0 to 30
158,amudat,92,UG,07/23/2018 00:13:33,97,1.95,34.95,62.22,2.59,0 to 30
159,beloha,0,MG,07/23/2018 00:13:33,65,-25.17,45.06,61.59,14.56,-30 to 30
160,iqaluit,20,CA,07/22/2018 23:00:00,36,63.75,-68.52,60.8,14.99,60 to 90
161,mount isa,0,AU,07/23/2018 00:00:00,14,-20.73,139.49,62.6,4.7,-30 to 30
162,tartagal,0,AR,07/22/2018 23:00:00,72,-22.52,-63.8,62.6,5.82,-30 to 30
163,constitucion,75,MX,07/22/2018 22:51:00,39,23.99,-104.67,78.8,10.29,0 to 30
164,thaton,92,MM,07/23/2018 00:13:35,100,16.91,97.37,78.69,3.83,0 to 30
165,yanam,92,IN,07/23/2018 00:13:35,94,16.73,82.22,77.16,18.03,0 to 30
168,kraslava,64,LV,07/23/2018 00:13:36,83,55.9,27.16,67.71,5.95,30 to 60
170,yumen,0,CN,07/23/2018 00:13:36,37,40.29,97.04,64.83,6.06,30 to 60
171,chokurdakh,92,RU,07/23/2018 00:13:36,68,70.62,147.9,55.38,12.33,60 to 90
172,tuy hoa,44,VN,07/23/2018 00:13:37,75,13.08,109.3,84.9,19.04,0 to 30
173,rio grande,92,BR,07/23/2018 00:13:37,94,-32.03,-52.1,54.66,4.5,-60  to -30
174,flinders,0,AU,07/22/2018 23:00:00,49,-34.58,150.85,48.2,10.29,-60  to -30
175,dukat,36,RS,07/23/2018 00:13:38,85,42.44,22.31,58.89,1.7,30 to 60
176,tura,88,IN,07/23/2018 00:13:38,97,25.52,90.21,76.26,4.61,0 to 30
177,tasiilaq,0,GL,07/22/2018 23:50:00,61,65.61,-37.64,48.2,6.93,60 to 90
178,pisco,0,PE,07/22/2018 23:00:00,82,-13.71,-76.2,64.4,6.93,-30 to 30
179,petatlan,40,MX,07/22/2018 22:46:00,63,17.52,-101.27,93.2,10.29,0 to 30
182,arucas,75,ES,07/23/2018 00:00:00,73,28.12,-15.52,71.6,24.16,0 to 30
183,hami,8,CN,07/23/2018 00:13:40,33,42.84,93.51,74.46,10.2,30 to 60
184,mar del plata,0,AR,07/23/2018 00:13:40,83,-46.43,-67.52,33.87,11.43,-60  to -30
185,souillac,0,FR,07/23/2018 00:00:00,82,45.6,-0.6,64.4,4.7,30 to 60
186,dergachi,68,RU,07/23/2018 00:13:41,90,51.24,48.77,65.82,14.0,30 to 60
187,bandarbeyla,24,SO,07/23/2018 00:13:41,80,9.49,50.81,76.44,26.53,0 to 30
188,mount gambier,48,AU,07/23/2018 00:13:42,61,-37.83,140.78,55.11,11.99,-60  to -30
189,port lincoln,32,AU,07/23/2018 00:13:42,96,-34.72,135.86,57.36,20.71,-60  to -30
190,northam,75,GB,07/22/2018 23:50:00,93,51.04,-4.21,66.2,3.36,30 to 60
191,sao joao da barra,0,BR,07/22/2018 23:00:00,94,-21.64,-41.05,69.8,2.24,-30 to 30
192,acapulco,20,MX,07/22/2018 22:42:00,70,16.86,-99.88,87.8,11.41,0 to 30
193,longyearbyen,75,NO,07/22/2018 23:50:00,81,78.22,15.63,46.4,1.12,60 to 90
194,yaan,88,NG,07/23/2018 00:13:43,95,7.38,8.57,74.73,3.04,0 to 30
195,churapcha,92,RU,07/23/2018 00:13:44,100,62.0,132.43,62.31,7.18,60 to 90
196,pangody,44,RU,07/23/2018 00:13:44,43,65.85,74.49,70.86,7.07,60 to 90
197,joshimath,12,IN,07/23/2018 00:13:44,100,30.57,79.57,34.59,1.48,30 to 60
198,port macquarie,0,AU,07/22/2018 23:00:00,76,-31.43,152.91,48.2,4.7,-60  to -30
199,coquimbo,0,CL,07/22/2018 23:00:00,87,-29.95,-71.34,51.8,4.7,-30 to 30
200,hasaki,75,JP,07/22/2018 23:30:00,62,35.73,140.83,89.6,4.7,30 to 60
202,beringovskiy,20,RU,07/23/2018 00:13:46,100,63.05,179.32,52.95,2.93,60 to 90
204,nago,75,IT,07/22/2018 23:50:00,88,45.88,10.89,73.4,16.11,30 to 60
205,tianpeng,88,CN,07/23/2018 00:13:46,85,28.88,112.34,83.46,4.16,0 to 30
206,mehamn,92,NO,07/23/2018 00:13:47,90,71.03,27.85,52.23,3.71,60 to 90
207,kavaratti,68,IN,07/23/2018 00:09:00,95,10.57,72.64,82.83,27.76,0 to 30
208,praya,40,ID,07/23/2018 00:00:00,88,-8.71,116.27,77.0,6.93,-30 to 30
209,fairbanks,1,US,07/22/2018 22:58:00,23,64.84,-147.72,86.0,3.36,60 to 90
210,ende,8,ID,07/23/2018 00:13:48,100,-8.84,121.65,77.7,3.15,-30 to 30
211,fukue,40,JP,07/22/2018 23:30:00,66,35.03,136.69,87.8,4.7,30 to 60
212,auki,56,NG,07/23/2018 00:13:49,87,12.18,6.51,74.64,3.83,0 to 30
214,kununurra,0,AU,07/23/2018 00:00:00,37,-15.77,128.74,69.8,8.41,-30 to 30
215,bismarck,1,US,07/22/2018 23:55:00,42,46.81,-100.78,82.4,14.99,30 to 60
216,saint-philippe,1,CA,07/22/2018 23:55:00,65,45.36,-73.48,80.6,12.75,30 to 60
217,la macarena,92,CO,07/23/2018 00:13:51,100,2.18,-73.79,69.87,1.92,0 to 30
218,grindavik,90,IS,07/22/2018 23:30:00,93,63.84,-22.43,48.2,4.7,60 to 90
219,deputatskiy,88,RU,07/23/2018 00:13:52,68,69.3,139.9,53.67,3.83,60 to 90
220,dessalines,32,HT,07/23/2018 00:13:52,95,19.26,-72.52,77.07,4.16,0 to 30
221,changji,0,CN,07/23/2018 00:13:52,75,32.07,116.17,84.0,8.86,30 to 60
222,komsomolskiy,56,RU,07/23/2018 00:13:53,54,67.55,63.78,69.6,5.61,60 to 90
224,hualmay,24,PE,07/23/2018 00:13:53,91,-11.1,-77.61,60.69,5.73,-30 to 30
225,zaragoza,0,ES,07/23/2018 00:00:00,64,41.65,-0.88,69.8,12.75,30 to 60
227,charters towers,0,AU,07/23/2018 00:13:54,88,-20.07,146.27,66.27,4.61,-30 to 30
228,saldanha,0,PT,07/23/2018 00:13:54,62,41.42,-6.55,63.39,6.17,30 to 60
229,hurricane,1,US,07/22/2018 23:56:00,22,37.18,-113.29,100.4,6.93,30 to 60
230,waingapu,0,ID,07/23/2018 00:13:55,90,-9.65,120.26,72.21,8.75,-30 to 30
232,mezhdurechensk,56,RU,07/23/2018 00:13:55,94,53.69,88.07,58.98,2.59,30 to 60
233,upernavik,48,GL,07/23/2018 00:13:56,100,72.79,-56.15,36.75,3.6,60 to 90
234,urucui,12,BR,07/23/2018 00:13:56,41,-7.23,-44.56,81.66,8.86,-30 to 30
235,santa cruz,1,US,07/22/2018 23:35:00,47,36.97,-122.03,82.4,21.92,30 to 60
236,port blair,76,IN,07/23/2018 00:13:58,100,11.67,92.75,81.3,18.03,0 to 30
237,cap malheureux,40,MU,07/22/2018 23:00:00,68,-19.98,57.61,69.8,10.29,-30 to 30
238,hamilton,75,CA,07/22/2018 23:16:00,83,43.26,-79.87,75.2,12.75,30 to 60
239,minot,0,US,07/22/2018 23:52:00,36,48.23,-101.3,84.2,17.22,30 to 60
240,cabo san lucas,5,MX,07/22/2018 22:45:00,26,22.89,-109.91,95.0,18.34,0 to 30
241,san andres,92,PH,07/23/2018 00:09:16,100,13.32,122.68,78.33,19.82,0 to 30
242,pringsewu,44,ID,07/23/2018 00:14:00,89,-5.36,104.98,73.56,3.71,-30 to 30
243,naze,75,NG,07/22/2018 23:00:00,94,5.43,7.07,77.0,2.24,0 to 30
244,ahipara,92,NZ,07/23/2018 00:14:00,91,-35.17,173.16,56.28,8.41,-60  to -30
245,takoradi,100,GH,07/23/2018 00:14:01,100,4.89,-1.75,76.26,7.18,0 to 30
247,sovetskiy,0,RU,07/23/2018 00:14:01,75,56.76,48.47,53.67,8.97,30 to 60
248,mexico,1,US,07/22/2018 23:52:00,88,44.56,-70.55,69.8,6.93,30 to 60
249,carson city,1,US,07/22/2018 23:55:00,27,39.16,-119.77,87.8,5.82,30 to 60
250,kamaishi,75,JP,07/22/2018 23:00:00,88,39.28,141.86,77.0,3.36,30 to 60
251,mizan teferi,44,ET,07/23/2018 00:14:02,86,6.99,35.58,59.52,2.37,0 to 30
252,arkhangelsk,0,RU,07/22/2018 23:30:00,77,64.54,40.54,64.4,6.71,60 to 90
253,sao gabriel da cachoeira,12,BR,07/23/2018 00:14:03,82,-0.13,-67.09,77.52,2.26,-30 to 30
254,cururupu,24,BR,07/23/2018 00:14:03,81,-1.82,-44.87,78.96,5.39,-30 to 30
255,honavar,92,IN,07/23/2018 00:14:04,100,14.28,74.45,74.01,7.96,0 to 30
256,maceio,75,BR,07/22/2018 23:00:00,78,-9.67,-35.74,75.2,11.41,-30 to 30
257,makhalino,92,RU,07/23/2018 00:14:04,99,53.09,46.22,56.82,15.46,30 to 60
258,tuatapere,88,NZ,07/23/2018 00:14:05,100,-46.13,167.69,44.58,13.44,-60  to -30
260,mingoyo,12,TZ,07/23/2018 00:14:05,79,-10.1,39.64,67.71,6.96,-30 to 30
261,pavilosta,8,LV,07/22/2018 23:50:00,100,56.89,21.19,55.4,8.52,30 to 60
262,hovd,75,NO,07/22/2018 23:50:00,87,63.83,10.7,60.8,3.36,60 to 90
263,kruisfontein,0,ZA,07/23/2018 00:14:06,51,-34.0,24.73,68.16,11.99,-60  to -30
264,parati,20,BR,07/22/2018 23:00:00,53,-20.51,-54.63,71.6,8.05,-30 to 30
265,morondava,0,MG,07/23/2018 00:14:07,77,-20.3,44.28,71.94,12.66,-30 to 30
266,yulara,90,AU,07/23/2018 00:00:00,22,-25.24,130.99,64.4,13.87,-30 to 30
267,xucheng,92,CN,07/23/2018 00:14:07,98,33.0,118.51,77.34,14.79,30 to 60
268,ilulissat,75,GL,07/22/2018 22:50:00,80,69.22,-51.1,41.0,4.7,60 to 90
269,tshela,0,CD,07/23/2018 00:14:08,91,-4.99,12.94,65.73,4.72,-30 to 30
270,tilichiki,20,RU,07/23/2018 00:14:08,95,60.47,166.1,62.22,3.71,60 to 90
271,dingle,92,PH,07/23/2018 00:14:09,97,11.0,122.67,77.16,11.54,0 to 30
272,provideniya,90,RU,07/22/2018 23:30:00,87,64.42,-173.23,51.8,6.71,60 to 90
273,jesup,75,US,07/22/2018 23:35:00,74,31.61,-81.89,91.4,4.7,30 to 60
275,marsaxlokk,20,MT,07/22/2018 23:45:00,94,35.84,14.54,77.0,4.7,30 to 60
276,esperance,20,TT,07/22/2018 23:00:00,74,10.24,-61.45,80.6,10.29,0 to 30
277,carnarvon,0,ZA,07/23/2018 00:14:11,49,-30.97,22.13,47.46,13.11,-60  to -30
278,bahia blanca,20,AR,07/23/2018 00:10:08,81,-38.72,-62.27,40.53,12.21,-60  to -30
279,bilibino,8,RU,07/23/2018 00:09:22,67,68.06,166.44,54.21,3.15,60 to 90
280,drumheller,0,CA,07/23/2018 00:14:11,41,51.47,-112.7,72.3,11.77,30 to 60
282,kodiak,1,US,07/22/2018 22:53:00,43,39.95,-94.76,87.8,9.17,30 to 60
285,smithers,75,CA,07/23/2018 00:00:00,44,54.78,-127.17,75.2,5.82,30 to 60
286,cidreira,92,BR,07/23/2018 00:14:13,89,-30.17,-50.22,57.54,10.42,-60  to -30
287,aklavik,40,CA,07/23/2018 00:00:00,36,68.22,-135.01,80.6,6.93,60 to 90
288,rondonopolis,32,BR,07/23/2018 00:09:22,82,-16.46,-54.64,65.91,2.71,-30 to 30
289,olmos,0,PE,07/23/2018 00:14:14,73,-5.99,-79.75,71.31,2.71,-30 to 30
290,isla mujeres,40,MX,07/22/2018 22:42:00,74,21.23,-86.73,86.0,4.7,0 to 30
291,rundu,0,NA,07/23/2018 00:14:14,51,-17.91,19.77,51.69,7.74,-30 to 30
292,cabra,0,ES,07/23/2018 00:00:00,49,37.47,-4.43,73.4,5.82,30 to 60
293,faya,0,SA,07/22/2018 23:00:00,35,18.39,42.45,73.4,4.7,0 to 30
294,sept-iles,90,CA,07/22/2018 23:14:00,82,50.2,-66.38,66.2,6.93,30 to 60
295,lakeside,20,US,07/22/2018 22:56:00,35,32.86,-116.92,91.4,14.99,30 to 60
296,vao,0,EE,07/23/2018 00:14:16,87,59.1,26.19,62.76,5.5,30 to 60
297,banjar,68,ID,07/23/2018 00:14:17,94,-7.37,108.54,70.95,3.94,-30 to 30
298,hambantota,20,LK,07/23/2018 00:14:17,100,6.12,81.12,79.86,16.24,0 to 30
299,bauchi,12,NG,07/23/2018 00:14:17,95,10.31,9.85,67.62,2.82,0 to 30
300,lincoln,1,US,07/22/2018 23:55:00,51,40.8,-96.67,84.2,9.17,30 to 60
301,bowen,40,AU,07/22/2018 23:00:00,82,-20.01,148.25,68.0,4.7,-30 to 30
302,padampur,92,IN,07/23/2018 00:14:18,92,29.71,73.62,80.67,6.17,0 to 30
303,hofn,80,IS,07/23/2018 00:14:18,100,64.25,-15.21,48.99,12.21,60 to 90
304,magaria,8,NE,07/23/2018 00:14:19,69,13.0,8.91,79.32,7.74,0 to 30
305,leh,92,IN,07/23/2018 00:14:19,89,34.16,77.58,35.94,2.04,30 to 60
306,dikson,36,RU,07/23/2018 00:14:19,100,73.51,80.55,38.55,13.67,60 to 90
307,geraldton,5,CA,07/22/2018 23:00:00,44,49.72,-86.95,77.0,11.41,30 to 60
308,umm kaddadah,48,SD,07/23/2018 00:14:20,70,13.6,26.69,77.52,13.56,0 to 30
309,ahuimanu,75,US,07/22/2018 23:11:00,74,21.44,-157.84,89.6,11.41,0 to 30
310,iturama,68,BR,07/23/2018 00:14:21,60,-19.73,-50.2,72.21,2.93,-30 to 30
311,matamoros,1,US,07/22/2018 23:53:00,59,25.87,-97.51,93.2,17.22,0 to 30
312,dourados,80,BR,07/23/2018 00:14:21,55,-22.22,-54.81,72.12,9.19,-30 to 30
313,kenai,40,US,07/22/2018 22:56:00,72,60.55,-151.26,64.4,10.29,60 to 90
314,kaeo,56,NZ,07/23/2018 00:14:25,82,-35.1,173.78,57.27,5.17,-60  to -30
315,anito,92,PH,07/23/2018 00:14:25,100,12.45,125.29,76.62,17.92,0 to 30
316,san carlos de bariloche,20,AR,07/22/2018 23:00:00,77,-41.13,-71.31,32.0,14.99,-60  to -30
318,kolda,92,SN,07/23/2018 00:14:26,93,12.89,-14.94,75.54,6.73,0 to 30
319,bose,40,IT,07/22/2018 23:50:00,68,45.46,8.01,69.8,3.36,30 to 60
320,beoumi,0,CI,07/22/2018 23:00:00,94,7.67,-5.58,73.4,2.24,0 to 30
322,dakar,76,SN,07/23/2018 00:00:00,78,14.69,-17.45,80.6,4.38,0 to 30
323,prince rupert,90,CA,07/23/2018 00:00:00,87,54.32,-130.32,57.2,4.7,30 to 60
324,vestmannaeyjar,0,IS,07/23/2018 00:09:30,99,63.44,-20.27,47.01,3.71,60 to 90
325,nieuw amsterdam,40,SR,07/22/2018 23:00:00,83,5.88,-55.08,82.4,11.41,0 to 30
326,nizwa,0,OM,07/23/2018 00:14:28,49,22.93,57.53,76.17,5.28,0 to 30
327,chuy,92,UY,07/23/2018 00:14:28,89,-33.69,-53.46,49.71,7.96,-60  to -30
328,bujumbura,0,BI,07/23/2018 00:14:29,100,-3.36,29.37,53.94,1.7,-30 to 30
329,mezen,0,RU,07/23/2018 00:14:29,49,65.85,44.24,69.24,7.07,60 to 90
330,paamiut,0,GL,07/23/2018 00:14:29,91,61.99,-49.67,42.24,22.39,60 to 90
331,ulladulla,0,AU,07/22/2018 23:00:00,49,-35.36,150.48,48.2,10.29,-60  to -30
333,santa marta,32,CO,07/23/2018 00:13:14,95,11.24,-74.21,83.19,23.73,0 to 30
334,ushtobe,92,KZ,07/23/2018 00:14:31,44,45.25,77.98,74.46,7.63,30 to 60
335,pinega,0,RU,07/23/2018 00:14:31,46,64.7,43.39,70.59,7.4,60 to 90
336,chirongui,75,YT,07/22/2018 23:30:00,78,-12.93,45.15,77.0,16.11,-30 to 30
337,flin flon,90,CA,07/22/2018 23:00:00,93,54.77,-101.88,60.8,9.17,30 to 60
338,amot,8,NO,07/23/2018 00:14:32,87,59.57,7.99,51.51,2.04,30 to 60
339,balaipungut,92,ID,07/23/2018 00:14:32,96,1.11,101.31,74.37,3.15,0 to 30
340,purranque,75,CL,07/22/2018 23:00:00,86,-40.91,-73.16,41.0,2.15,-60  to -30
341,hwange,68,ZW,07/23/2018 00:14:33,56,-18.35,26.5,62.22,15.23,-30 to 30
342,sao filipe,44,CV,07/23/2018 00:14:33,99,14.9,-24.5,75.36,12.88,0 to 30
343,culleredo,0,ES,07/23/2018 00:00:00,88,43.29,-8.39,64.4,1.12,30 to 60
344,ancud,92,CL,07/23/2018 00:14:34,88,-41.87,-73.83,41.97,4.16,-60  to -30
345,churachandpur,88,IN,07/23/2018 00:14:34,97,24.33,93.67,69.06,1.36,0 to 30
346,kassala,76,SD,07/23/2018 00:13:44,80,15.45,36.38,73.02,7.63,0 to 30
347,mandurah,90,AU,07/23/2018 00:00:00,63,-32.55,115.7,60.8,17.22,-60  to -30
348,taoudenni,0,ML,07/23/2018 00:14:35,17,22.68,-3.98,80.04,4.16,0 to 30
349,taltal,0,CL,07/23/2018 00:14:35,87,-25.41,-70.49,54.12,3.71,-30 to 30
351,alekseyevskoye,88,RU,07/23/2018 00:14:36,86,45.2,43.58,69.24,6.29,30 to 60
352,umm bab,56,QA,07/23/2018 00:14:36,35,25.21,50.81,92.28,11.99,0 to 30
353,sibu,75,MY,07/22/2018 23:00:00,94,2.29,111.83,77.0,3.94,0 to 30
354,rock springs,1,US,07/22/2018 23:54:00,49,41.59,-109.2,68.0,26.4,30 to 60
356,arusha,32,TZ,07/23/2018 00:14:38,85,-3.37,36.69,56.01,5.28,-30 to 30
357,nizhniy baskunchak,64,RU,07/23/2018 00:14:38,74,48.22,46.83,76.17,2.15,30 to 60
358,banda aceh,12,ID,07/23/2018 00:14:38,92,5.56,95.32,76.71,3.83,0 to 30
359,kaitong,0,CN,07/23/2018 00:14:39,93,44.81,123.15,84.9,6.17,30 to 60
360,nizhniy kuranakh,92,RU,07/23/2018 00:14:39,83,58.84,125.49,49.26,6.62,30 to 60
361,lavrentiya,92,RU,07/23/2018 00:14:39,90,65.58,-170.99,45.03,4.16,60 to 90
362,nipawin,40,CA,07/22/2018 23:01:00,77,53.36,-104.02,64.4,10.29,30 to 60
363,moindou,48,NC,07/23/2018 00:00:00,68,-21.69,165.68,71.6,8.05,-30 to 30
364,kodinsk,8,RU,07/23/2018 00:14:40,66,58.6,99.18,53.85,3.6,30 to 60
366,codrington,0,AU,07/23/2018 00:14:41,79,-28.95,153.24,56.28,3.6,-30 to 30
367,kaspiyskiy,0,RU,07/23/2018 00:14:41,100,45.39,47.37,72.03,4.27,30 to 60
368,cao bang,0,VN,07/23/2018 00:14:41,92,22.67,106.25,75.99,3.71,0 to 30
370,half moon bay,1,US,07/22/2018 23:40:00,77,37.46,-122.43,87.8,10.29,30 to 60
371,zhuhai,20,CN,07/22/2018 23:00:00,88,40.71,112.04,73.4,6.71,30 to 60
372,abha,0,SA,07/22/2018 23:00:00,35,18.22,42.5,73.4,4.7,0 to 30
373,grand gaube,40,MU,07/22/2018 23:00:00,68,-20.01,57.66,69.8,10.29,-30 to 30
374,kalabo,0,ZM,07/23/2018 00:14:43,60,-15.0,22.67,57.54,12.55,-30 to 30
375,port-cartier,90,CA,07/22/2018 23:14:00,82,50.03,-66.88,66.2,6.93,30 to 60
376,rocha,76,UY,07/23/2018 00:14:44,87,-34.48,-54.34,43.77,4.5,-60  to -30
377,boa vista,75,BR,07/22/2018 23:00:00,88,2.82,-60.67,78.8,2.24,0 to 30
378,mandera,100,ET,07/23/2018 00:14:45,40,3.94,41.86,83.82,14.45,0 to 30
379,maxixe,92,MZ,07/23/2018 00:14:45,99,-23.86,35.35,68.52,12.77,-30 to 30
380,mirnyy,92,RU,07/23/2018 00:14:45,93,56.57,36.46,66.54,13.0,30 to 60
382,broken hill,0,AU,07/23/2018 00:14:46,53,-31.97,141.45,53.22,20.71,-60  to -30
383,caravelas,92,BR,07/23/2018 00:14:46,100,-17.73,-39.27,72.39,10.76,-30 to 30
384,traverse city,90,US,07/22/2018 23:35:00,61,44.76,-85.62,77.0,5.82,30 to 60
385,leningradskiy,0,RU,07/23/2018 00:14:47,100,69.38,178.42,35.04,8.63,60 to 90
386,sisimiut,0,GL,07/23/2018 00:14:47,74,66.94,-53.67,45.39,2.37,60 to 90
387,port hardy,20,CA,07/23/2018 00:00:00,72,50.7,-127.42,62.6,9.17,30 to 60
389,klaksvik,76,FO,07/22/2018 23:50:00,93,62.23,-6.59,50.0,3.36,60 to 90
390,tautira,20,PF,07/23/2018 00:00:00,66,-17.73,-149.15,84.2,17.22,-30 to 30
391,bambous virieux,40,MU,07/22/2018 23:00:00,68,-20.34,57.76,69.8,10.29,-30 to 30
393,lorengau,44,PG,07/23/2018 00:14:49,100,-2.02,147.27,82.83,8.97,-30 to 30
394,san ramon,8,NI,07/23/2018 00:14:49,62,12.92,-85.84,75.9,4.83,0 to 30
396,tuttlingen,75,DE,07/22/2018 23:50:00,93,47.98,8.82,64.4,1.12,30 to 60
397,balkhash,8,KZ,07/23/2018 00:14:50,80,46.84,74.98,76.89,15.57,30 to 60
398,aginskoye,0,RU,07/23/2018 00:14:50,73,51.11,114.54,62.4,9.75,30 to 60
399,karonga,0,MW,07/23/2018 00:14:51,100,-9.94,33.93,67.98,11.99,-30 to 30
400,bingol,20,TR,07/23/2018 00:14:51,77,38.88,40.49,58.17,2.82,30 to 60
401,ixtapa,75,MX,07/22/2018 22:47:00,84,20.71,-105.21,87.8,13.87,0 to 30
402,baykit,0,RU,07/23/2018 00:14:52,72,61.68,96.39,51.24,3.83,60 to 90
403,mottola,0,IT,07/22/2018 23:50:00,88,40.63,17.04,80.6,4.7,30 to 60
405,rovnoye,24,RU,07/23/2018 00:14:53,80,50.78,46.06,67.8,9.42,30 to 60
406,iquique,90,CL,07/22/2018 23:00:00,82,-20.22,-70.14,59.0,11.41,-30 to 30
407,basco,90,US,07/22/2018 23:40:00,73,40.33,-91.2,75.2,9.17,30 to 60
408,launceston,88,AU,07/23/2018 00:00:00,76,-41.43,147.14,48.2,8.05,-60  to -30
409,saint-georges,100,CA,07/23/2018 00:14:54,85,46.12,-70.67,70.77,6.96,30 to 60
410,dekar,0,BW,07/23/2018 00:14:54,66,-21.53,21.93,47.37,10.98,-30 to 30
411,tezu,92,IN,07/23/2018 00:14:54,100,27.93,96.16,66.54,1.59,0 to 30
412,nenjiang,0,CN,07/23/2018 00:14:55,87,49.17,125.23,77.79,4.61,30 to 60
413,saint-leu,0,RE,07/22/2018 23:30:00,68,-21.15,55.28,68.0,5.82,-30 to 30
414,enshi,20,CN,07/23/2018 00:14:55,68,30.29,109.48,78.78,2.37,30 to 60
415,soavinandriana,0,MG,07/23/2018 00:14:56,81,-19.17,46.74,50.25,12.44,-30 to 30
416,awjilah,0,LY,07/23/2018 00:14:56,40,29.14,21.3,76.35,5.5,0 to 30
417,broome,76,GB,07/22/2018 23:56:00,88,52.47,1.45,64.4,4.7,30 to 60
418,ouesso,8,CG,07/23/2018 00:14:57,98,1.61,16.05,71.31,2.26,0 to 30
419,sao joao do paraiso,0,BR,07/23/2018 00:14:57,79,-15.31,-42.01,60.6,7.18,-30 to 30
420,abbeville,0,FR,07/23/2018 00:00:00,82,50.11,1.83,66.2,1.12,30 to 60
423,kamskiye polyany,0,RU,07/22/2018 23:30:00,67,55.43,51.42,57.2,13.42,30 to 60
424,wausau,75,US,07/22/2018 23:55:00,61,44.96,-89.63,78.8,3.36,30 to 60
425,hobyo,8,SO,07/23/2018 00:14:59,78,5.35,48.53,74.37,19.26,0 to 30
426,asuncion,0,PY,07/22/2018 23:00:00,77,-25.3,-57.63,59.0,4.7,-30 to 30
427,lasa,0,CY,07/23/2018 00:00:00,83,34.92,32.53,80.6,5.82,30 to 60
428,hirara,40,JP,07/22/2018 23:00:00,79,24.8,125.28,84.2,19.46,0 to 30
429,narsaq,5,GL,07/22/2018 23:50:00,66,60.91,-46.05,50.0,4.7,60 to 90
430,ambon,0,FR,07/23/2018 00:00:00,88,47.55,-2.56,66.2,2.24,30 to 60
431,vakhtan,0,RU,07/23/2018 00:15:01,71,57.97,46.69,55.92,5.39,30 to 60
433,kadoma,0,ZW,07/23/2018 00:15:01,88,-18.34,29.91,49.26,13.22,-30 to 30
434,belmonte,0,PT,07/23/2018 00:15:02,89,40.36,-7.35,61.05,3.71,30 to 60
435,sinnamary,68,GF,07/23/2018 00:15:02,94,5.38,-52.96,81.12,10.2,0 to 30
436,chiquimulilla,40,GT,07/22/2018 23:00:00,70,14.09,-90.38,87.8,4.7,0 to 30
439,nome,1,US,07/22/2018 23:55:00,52,30.04,-94.42,95.0,8.05,30 to 60
441,obligado,0,PY,07/22/2018 23:00:00,67,-27.06,-55.63,62.6,5.82,-30 to 30
442,srednekolymsk,56,RU,07/23/2018 00:15:04,57,67.46,153.71,69.24,5.17,60 to 90
443,oranjestad,20,AW,07/22/2018 23:00:00,78,12.52,-70.03,82.4,17.22,0 to 30
444,vila velha,90,BR,07/22/2018 23:00:00,78,-3.71,-38.6,80.6,8.05,-30 to 30
445,anstruther,75,GB,07/22/2018 23:50:00,93,56.22,-2.7,66.2,6.93,30 to 60
446,helong,0,CN,07/23/2018 00:15:05,81,25.94,116.13,79.77,3.38,0 to 30
448,praia,0,BR,07/22/2018 23:00:00,59,-20.25,-43.81,64.4,4.7,-30 to 30
449,margate,75,AU,07/23/2018 00:00:00,57,-43.03,147.26,51.8,14.99,-60  to -30
450,pangnirtung,8,CA,07/23/2018 00:15:07,60,66.15,-65.72,50.43,8.52,60 to 90
451,ko samui,20,TH,07/23/2018 00:00:00,74,9.54,99.94,82.4,3.36,0 to 30
452,ketchikan,1,US,07/22/2018 23:56:00,68,55.34,-131.65,66.2,9.17,30 to 60
453,jumla,12,NP,07/23/2018 00:15:08,92,29.28,82.18,38.82,2.93,0 to 30
454,srivardhan,92,IN,07/23/2018 00:15:08,100,18.03,73.02,73.74,7.52,0 to 30
455,carballo,0,ES,07/23/2018 00:00:00,88,43.21,-8.69,64.4,1.12,30 to 60
456,vila franca do campo,20,PT,07/23/2018 00:00:00,77,37.72,-25.43,69.8,8.05,30 to 60
457,ust-nera,68,RU,07/23/2018 00:15:09,37,64.57,143.24,65.46,3.38,60 to 90
458,batagay,100,RU,07/23/2018 00:15:09,100,67.65,134.64,47.91,4.16,60 to 90
459,la ronge,90,CA,07/22/2018 23:00:00,64,55.1,-105.3,68.0,13.87,30 to 60
460,abnub,0,EG,07/22/2018 23:00:00,54,27.27,31.15,82.4,13.87,0 to 30
461,katsuura,20,JP,07/22/2018 23:23:00,70,33.93,134.5,89.6,4.7,30 to 60
462,kamariotissa,0,GR,07/22/2018 23:50:00,83,40.48,25.47,73.4,2.93,30 to 60
464,viedma,0,AR,07/23/2018 00:15:11,63,-40.81,-62.99,40.89,16.13,-60  to -30
465,sobolevo,92,RU,07/23/2018 00:15:11,91,54.43,31.9,67.8,7.63,30 to 60
466,west bay,75,GB,07/22/2018 23:50:00,93,50.71,-2.76,64.4,3.36,30 to 60
467,sayyan,44,YE,07/23/2018 00:15:12,93,15.17,44.32,53.67,2.59,0 to 30
468,tigil,0,RU,07/23/2018 00:15:12,46,57.8,158.67,72.57,11.99,30 to 60
469,cabedelo,40,BR,07/22/2018 23:00:00,83,-6.97,-34.84,73.4,8.05,-30 to 30
470,gat,92,SN,07/23/2018 00:15:13,83,14.69,-16.54,79.14,4.94,0 to 30
471,kudahuvadhoo,92,MV,07/23/2018 00:15:13,100,2.67,72.89,78.06,17.36,0 to 30
472,clyde river,90,CA,07/23/2018 00:00:00,53,70.47,-68.59,51.8,10.29,60 to 90
474,chornobay,0,UA,07/23/2018 00:15:14,97,49.67,32.32,63.57,5.73,30 to 60
475,bykovo,24,RU,07/23/2018 00:15:14,84,49.76,45.39,70.05,3.71,30 to 60
476,touros,32,BR,07/23/2018 00:11:10,83,-5.2,-35.46,76.35,19.15,-30 to 30
477,lastoursville,0,GA,07/23/2018 00:15:15,95,-0.81,12.73,70.59,2.04,-30 to 30
478,antofagasta,75,CL,07/22/2018 23:00:00,76,-23.65,-70.4,55.4,11.41,-30 to 30
479,nichinan,75,JP,07/22/2018 23:00:00,94,31.65,131.31,82.4,1.12,30 to 60
480,tchollire,64,CM,07/23/2018 00:15:16,83,8.4,14.17,76.26,2.71,0 to 30
481,saint-augustin,0,FR,07/23/2018 00:00:00,88,44.83,-0.61,64.4,2.24,30 to 60
482,atar,88,MR,07/23/2018 00:15:17,52,20.52,-13.05,83.19,2.48,0 to 30
483,nador,8,MA,07/23/2018 00:00:00,53,35.17,-2.93,73.4,2.24,30 to 60
484,coihaique,75,CL,07/22/2018 23:00:00,74,-45.58,-72.07,35.6,5.82,-60  to -30
485,nawa,92,IN,07/23/2018 00:15:18,99,27.02,75.0,75.09,3.6,0 to 30
486,jiuquan,0,CN,07/23/2018 00:15:18,52,39.73,98.49,62.76,3.83,30 to 60
487,kapit,8,MY,07/23/2018 00:15:18,92,2.02,112.94,76.44,2.48,0 to 30
488,montgomery,1,US,07/22/2018 23:55:00,70,32.37,-86.3,91.4,3.36,30 to 60
489,sainte-maxime,8,FR,07/23/2018 00:00:00,88,43.31,6.64,73.4,4.7,30 to 60
490,airai,0,TL,07/23/2018 00:15:19,71,-8.93,125.41,69.24,2.26,-30 to 30
491,loa janan,76,ID,07/23/2018 00:15:19,89,-0.58,117.09,78.6,2.93,-30 to 30
492,pokhara,48,NP,07/23/2018 00:12:48,67,28.21,83.99,62.04,3.38,0 to 30
493,balabac,64,PH,07/23/2018 00:15:20,95,7.99,117.06,85.44,15.12,0 to 30
494,eureka,1,US,07/22/2018 23:55:00,82,40.8,-124.16,62.6,5.82,30 to 60
496,pangkalanbuun,32,ID,07/23/2018 00:15:21,91,-2.68,111.62,76.98,6.62,-30 to 30
498,husavik,100,CA,07/23/2018 00:15:21,96,50.56,-96.99,68.7,10.09,30 to 60
499,kindu,56,CD,07/23/2018 00:15:22,39,-2.95,25.92,81.75,4.5,-30 to 30
500,jalu,0,LY,07/23/2018 00:15:22,42,29.03,21.55,76.53,1.92,0 to 30
501,del rio,1,US,07/22/2018 23:56:00,16,29.36,-100.9,105.8,12.75,0 to 30
502,khandyga,100,RU,07/23/2018 00:15:23,91,62.65,135.58,58.26,10.42,60 to 90
503,jiwani,8,PK,07/23/2018 00:15:23,94,25.05,61.74,82.29,3.71,0 to 30
504,cascais,20,PT,07/23/2018 00:00:00,88,38.7,-9.42,66.2,11.41,30 to 60
507,saint-joseph,0,FR,07/23/2018 00:00:00,77,43.56,6.97,73.4,3.36,30 to 60
508,sur,0,OM,07/23/2018 00:15:25,80,22.57,59.53,89.13,10.65,0 to 30
509,talara,0,PE,07/22/2018 23:00:00,72,-4.58,-81.27,68.0,11.41,-30 to 30
510,batagay-alyta,92,RU,07/23/2018 00:15:25,100,67.8,130.41,47.46,3.71,60 to 90
511,nelson bay,0,AU,07/23/2018 00:00:00,57,-32.72,152.14,50.0,13.87,-60  to -30
514,terrace,40,CA,07/23/2018 00:00:00,42,54.52,-128.61,82.4,5.82,30 to 60
515,coron,0,FR,07/23/2018 00:00:00,82,47.13,-0.65,62.6,1.12,30 to 60
516,avera,1,US,07/22/2018 23:35:00,51,33.19,-82.53,89.6,4.7,30 to 60
517,salitral,75,CR,07/22/2018 23:00:00,78,9.79,-84.12,73.4,4.7,0 to 30
518,goundam,0,ML,07/23/2018 00:15:27,58,16.42,-3.66,85.35,8.86,0 to 30
519,nuuk,20,GL,07/22/2018 23:50:00,87,64.17,-51.74,44.6,9.17,60 to 90
520,byron bay,0,AU,07/23/2018 00:00:00,49,-28.65,153.62,68.0,1.12,-30 to 30
521,point pleasant,90,US,07/22/2018 23:56:00,100,40.08,-74.07,77.0,10.29,30 to 60
522,cusuna,8,HN,07/23/2018 00:15:29,71,15.85,-85.23,79.14,3.04,0 to 30
523,frankfurt,90,DE,07/22/2018 23:56:00,100,49.68,10.53,64.4,3.36,30 to 60
524,omsukchan,12,RU,07/23/2018 00:15:30,49,62.53,155.8,69.24,7.07,60 to 90
526,baiyin,75,CN,07/22/2018 23:00:00,100,36.55,104.13,62.6,11.18,30 to 60
527,bagdarin,0,RU,07/23/2018 00:15:30,58,54.44,113.59,55.47,3.83,30 to 60
528,camacupa,0,AO,07/23/2018 00:15:31,72,-12.02,17.48,43.23,5.06,-30 to 30
530,ayagoz,80,KZ,07/23/2018 00:15:31,72,47.96,80.43,61.05,1.92,30 to 60
531,port moresby,0,PG,07/22/2018 23:00:00,61,-9.47,147.16,82.4,9.17,-30 to 30
532,saryagash,0,KZ,07/22/2018 23:30:00,39,41.45,69.17,80.6,6.93,30 to 60
534,binzhou,68,CN,07/23/2018 00:15:33,84,37.38,117.96,83.28,17.02,30 to 60
535,bereznik,0,RU,07/23/2018 00:15:33,58,62.86,42.71,65.91,6.73,60 to 90
536,samfya,0,ZM,07/23/2018 00:15:33,77,-11.37,29.56,57.9,12.77,-30 to 30
537,kieta,76,PG,07/23/2018 00:15:34,100,-6.22,155.63,77.97,2.37,-30 to 30
538,fort morgan,1,US,07/22/2018 23:53:00,25,40.25,-103.8,89.6,24.16,30 to 60
539,perigueux,0,FR,07/23/2018 00:00:00,88,45.18,0.72,62.6,3.36,30 to 60
540,gondanglegi,20,ID,07/23/2018 00:15:35,92,-7.75,112.01,71.31,7.4,-30 to 30
541,primero de enero,20,CU,07/22/2018 22:50:00,62,21.94,-78.43,87.8,6.93,0 to 30
542,palembang,40,ID,07/22/2018 23:30:00,94,-2.99,104.76,77.0,6.62,-30 to 30
543,warri,92,NG,07/23/2018 00:15:35,97,5.52,5.75,74.82,3.94,0 to 30
544,upata,36,VE,07/23/2018 00:15:36,92,8.02,-62.41,73.83,6.85,0 to 30
545,florianopolis,75,BR,07/22/2018 23:00:00,77,-27.6,-48.55,64.4,10.29,-30 to 30
546,jurm,32,AF,07/23/2018 00:15:36,75,36.86,70.83,44.67,1.7,30 to 60
547,tysmenytsya,0,UA,07/22/2018 23:30:00,100,48.9,24.84,60.8,4.47,30 to 60
549,tateyama,20,JP,07/22/2018 23:00:00,62,36.66,137.31,87.8,2.24,30 to 60
550,shaunavon,0,CA,07/23/2018 00:15:38,37,49.65,-108.41,73.29,16.46,30 to 60
551,gobabis,12,NA,07/23/2018 00:15:38,71,-22.45,18.97,44.4,9.64,-30 to 30
552,isangel,56,VU,07/23/2018 00:15:38,100,-19.55,169.27,71.94,11.21,-30 to 30
553,pochutla,20,MX,07/22/2018 23:05:00,38,15.74,-96.47,93.2,7.63,0 to 30
554,hushitai,0,CN,07/22/2018 23:30:00,83,41.93,123.51,82.4,2.24,30 to 60
555,columbus,75,US,07/22/2018 23:35:00,52,32.46,-84.99,87.8,8.05,30 to 60
556,catuday,100,PH,07/23/2018 00:15:39,100,16.29,119.81,78.06,8.3,0 to 30
557,sitka,44,US,07/23/2018 00:15:40,30,37.17,-99.65,97.77,14.0,30 to 60
558,norman wells,40,CA,07/23/2018 00:00:00,41,65.28,-126.83,75.2,9.17,60 to 90
559,nemuro,75,JP,07/22/2018 23:30:00,55,43.32,145.57,66.2,6.93,30 to 60
561,puerto baquerizo moreno,75,EC,07/22/2018 23:00:00,83,-0.9,-89.6,73.4,13.87,-30 to 30
562,yakeshi,0,CN,07/23/2018 00:15:41,83,49.28,120.73,66.18,9.75,30 to 60
563,ust-tarka,80,RU,07/23/2018 00:15:41,95,55.56,75.71,51.06,14.23,30 to 60
566,winslow,100,GB,07/22/2018 23:56:00,77,51.94,-0.88,71.6,2.24,30 to 60
567,arkhangelskoye,88,RU,07/23/2018 00:15:43,98,54.46,37.62,65.19,12.77,30 to 60
568,gumla,92,IN,07/23/2018 00:15:43,97,23.04,84.54,74.64,3.6,0 to 30
569,ca mau,44,VN,07/23/2018 00:12:04,83,9.18,105.15,83.28,14.23,0 to 30
570,qeshm,48,IR,07/22/2018 23:00:00,79,26.96,56.27,91.4,9.17,0 to 30
571,palana,0,RU,07/23/2018 00:15:44,63,59.08,159.95,66.27,4.5,30 to 60
572,ulaangom,0,MN,07/23/2018 00:15:44,83,49.98,92.07,48.36,2.15,30 to 60
573,khash,8,IR,07/23/2018 00:15:44,38,28.22,61.21,70.59,2.71,0 to 30
574,kovdor,64,RU,07/23/2018 00:15:45,88,67.56,30.47,66.72,6.85,60 to 90
575,fort nelson,75,CA,07/23/2018 00:00:00,32,58.81,-122.69,69.8,8.05,30 to 60
576,ayan,0,TR,07/23/2018 00:15:45,88,40.67,33.6,47.37,2.15,30 to 60
577,tricase,0,IT,07/22/2018 22:55:00,78,39.93,18.36,82.4,10.29,30 to 60
580,erenhot,56,CN,07/23/2018 00:15:46,100,43.65,111.97,66.0,4.61,30 to 60
582,chicama,40,PE,07/22/2018 23:00:00,88,-7.84,-79.15,64.4,8.05,-30 to 30
583,yar-sale,32,RU,07/23/2018 00:15:47,65,66.83,70.83,62.4,8.75,60 to 90
584,kavieng,64,PG,07/23/2018 00:15:48,100,-2.57,150.8,81.48,1.59,-30 to 30
585,anaco,12,VE,07/23/2018 00:15:48,66,9.43,-64.46,79.86,10.42,0 to 30
586,xian,0,ES,07/23/2018 00:00:00,93,42.76,-8.49,69.8,5.82,30 to 60
587,itarema,8,BR,07/23/2018 00:15:49,71,-2.92,-39.92,79.95,14.67,-30 to 30
588,bone,20,ID,07/23/2018 00:00:00,69,-5.29,119.42,80.6,4.7,-30 to 30
589,cherskiy,20,RU,07/23/2018 00:15:49,39,68.75,161.3,56.82,6.62,60 to 90
590,tabou,100,CI,07/23/2018 00:15:49,100,4.42,-7.36,76.89,7.52,0 to 30
591,sistranda,75,NO,07/22/2018 23:50:00,87,63.73,8.83,59.0,11.41,60 to 90
592,egvekinot,92,RU,07/23/2018 00:15:50,92,66.32,-179.17,50.52,3.38,60 to 90
596,talnakh,0,RU,07/23/2018 00:15:51,76,69.49,88.39,48.99,16.69,60 to 90
597,berlevag,80,NO,07/23/2018 00:15:51,95,70.86,29.09,52.59,3.83,60 to 90
598,san nicolas,0,HN,07/23/2018 00:15:52,56,14.94,-88.33,80.04,2.15,0 to 30
599,japura,32,ID,07/23/2018 00:15:52,77,-0.42,102.29,78.42,2.48,-30 to 30
600,kjollefjord,92,NO,07/23/2018 00:15:53,90,70.95,27.35,52.23,3.71,60 to 90
601,nadym,56,RU,07/23/2018 00:15:53,53,65.53,72.51,68.25,9.53,60 to 90
602,belyy yar,48,RU,07/22/2018 23:30:00,88,53.6,91.39,62.6,4.38,30 to 60
604,chiredzi,76,ZW,07/23/2018 00:15:54,96,-21.05,31.67,56.64,5.5,-30 to 30
606,saint anthony,1,US,07/22/2018 22:56:00,20,43.97,-111.68,87.8,12.75,30 to 60
607,san ramon de la nueva oran,0,AR,07/23/2018 00:15:55,65,-23.13,-64.33,54.3,7.07,-30 to 30
608,watertown,1,US,07/22/2018 23:53:00,61,44.9,-97.12,82.4,9.17,30 to 60
609,dauriya,0,RU,07/23/2018 00:15:55,69,49.93,116.85,65.19,10.65,30 to 60
610,otavi,0,NA,07/23/2018 00:15:56,60,-19.64,17.34,47.82,8.97,-30 to 30
611,comodoro rivadavia,0,AR,07/22/2018 23:00:00,55,-45.87,-67.48,39.2,10.29,-60  to -30
612,ambulu,88,ID,07/23/2018 00:15:56,100,-8.35,113.61,73.56,5.28,-30 to 30
613,sierre,0,CH,07/22/2018 23:50:00,68,46.29,7.53,66.2,1.12,30 to 60
614,sola,75,NO,07/22/2018 23:50:00,93,58.89,5.65,60.8,3.36,30 to 60
615,noumea,68,NC,07/23/2018 00:00:00,68,-22.28,166.46,71.6,8.05,-30 to 30
616,peniche,20,PT,07/22/2018 23:30:00,88,39.36,-9.38,66.2,11.41,30 to 60
617,xai-xai,8,MZ,07/23/2018 00:15:58,100,-25.04,33.64,65.01,8.3,-30 to 30
618,lazarev,64,RU,07/23/2018 00:15:58,87,52.23,141.51,59.16,3.27,30 to 60
619,puerto leguizamo,92,CO,07/23/2018 00:15:58,97,-0.19,-74.78,72.48,1.92,-30 to 30
620,haines junction,0,CA,07/23/2018 00:15:59,27,60.75,-137.51,75.72,3.04,60 to 90
621,verkhoyansk,92,RU,07/23/2018 00:15:59,80,67.55,133.39,51.24,3.49,60 to 90
623,koshurnikovo,92,RU,07/23/2018 00:16:00,94,54.3,93.39,57.9,3.15,30 to 60
624,moron,75,VE,07/22/2018 23:00:00,65,10.49,-68.2,84.2,2.59,0 to 30
625,richards bay,0,ZA,07/23/2018 00:16:00,76,-28.77,32.06,63.39,11.1,-30 to 30
626,homer,1,US,07/22/2018 23:53:00,67,59.64,-151.54,62.6,8.05,30 to 60
627,guanica,5,PR,07/22/2018 23:50:00,74,17.97,-66.91,78.8,10.87,0 to 30
628,san quintin,75,PH,07/22/2018 23:00:00,88,17.54,120.52,80.6,9.17,0 to 30
629,augusto correa,8,BR,07/23/2018 00:16:02,79,-1.02,-46.63,79.23,6.96,-30 to 30
630,poum,8,MK,07/23/2018 00:16:02,73,41.28,20.71,62.94,2.15,30 to 60
631,pavlovka,92,RU,07/23/2018 00:16:02,94,52.69,47.13,57.54,12.44,30 to 60
633,huaraz,68,PE,07/23/2018 00:16:03,51,-9.53,-77.53,46.29,1.59,-30 to 30
634,honiara,90,SB,07/23/2018 00:00:00,78,-9.43,159.96,82.4,5.82,-30 to 30
635,quimper,0,FR,07/23/2018 00:00:00,87,48.0,-4.1,64.4,3.36,30 to 60
636,malko tarnovo,20,TR,07/23/2018 00:00:00,83,41.98,27.52,71.6,5.82,30 to 60
637,port angeles,1,US,07/23/2018 00:00:00,44,48.12,-123.43,80.6,5.82,30 to 60
638,tocopilla,20,CL,07/23/2018 00:11:35,93,-22.09,-70.2,58.8,5.06,-30 to 30
639,udachnyy,68,RU,07/23/2018 00:16:05,62,66.42,112.4,52.32,3.27,60 to 90
640,mala vyska,0,UA,07/23/2018 00:16:05,91,48.64,31.63,62.67,3.71,30 to 60
641,antalaha,80,MG,07/23/2018 00:16:05,100,-14.9,50.28,67.26,14.79,-30 to 30
642,bulawayo,88,ZW,07/23/2018 00:16:06,86,-20.16,28.59,51.42,11.77,-30 to 30
646,vardo,40,US,07/22/2018 23:55:00,78,39.62,-77.74,78.8,4.7,30 to 60
647,contai,100,IN,07/23/2018 00:16:07,100,21.78,87.75,79.32,33.13,0 to 30
648,warrington,0,GB,07/22/2018 23:50:00,93,53.39,-2.59,64.4,2.24,30 to 60
650,carutapera,0,BR,07/23/2018 00:16:08,85,-1.2,-46.02,79.5,9.42,-30 to 30
651,forestville,90,CA,07/22/2018 23:00:00,77,48.74,-69.09,68.0,3.36,30 to 60
652,liberia,0,CR,07/22/2018 23:00:00,70,10.63,-85.44,84.2,10.29,0 to 30
653,usinsk,0,RU,07/23/2018 00:16:09,65,66.0,57.56,62.58,5.73,60 to 90
654,zasheyek,64,RU,07/23/2018 00:16:09,78,67.41,32.55,67.53,6.96,60 to 90
655,fairview,90,US,07/22/2018 23:56:00,100,40.81,-74.0,77.0,5.82,30 to 60
656,yelan-koleno,88,RU,07/23/2018 00:16:11,87,51.15,41.22,69.69,8.41,30 to 60
657,mondolfo,40,IT,07/22/2018 23:50:00,88,43.75,13.1,73.4,3.36,30 to 60
658,milkovo,0,BG,07/23/2018 00:00:00,100,41.53,24.68,66.2,3.36,30 to 60
659,cumana,20,VE,07/22/2018 23:00:00,78,10.46,-64.17,82.4,2.71,0 to 30
660,diemen,0,NL,07/22/2018 23:55:00,82,52.34,4.96,62.6,2.24,30 to 60
661,santa ines,75,EC,07/22/2018 23:00:00,82,-0.82,-78.63,55.4,18.34,-30 to 30
662,whitehorse,75,CA,07/22/2018 23:00:00,24,60.72,-135.06,80.6,3.36,60 to 90
663,puerto penasco,0,MX,07/23/2018 00:14:00,71,31.32,-113.53,92.19,12.33,30 to 60
664,boende,80,CD,07/23/2018 00:16:14,86,-0.28,20.88,75.18,2.37,-30 to 30
665,karacakoy,75,TR,07/22/2018 23:50:00,83,41.4,28.38,80.6,5.82,30 to 60
666,barao de melgaco,0,BR,07/22/2018 23:00:00,57,-16.19,-55.97,75.2,3.36,-30 to 30
667,henties bay,32,NA,07/23/2018 00:16:15,89,-22.12,14.28,58.71,0.81,-30 to 30
668,tevaitoa,76,PF,07/23/2018 00:16:15,97,-16.78,-151.5,80.22,10.54,-30 to 30
669,naryan-mar,0,RU,07/23/2018 00:16:15,62,67.67,53.09,61.86,10.76,60 to 90
670,bonavista,0,CA,07/23/2018 00:16:15,69,48.65,-53.11,66.27,14.23,30 to 60
672,pimenteiras,88,BR,07/23/2018 00:16:16,36,-6.24,-41.42,86.25,8.97,-30 to 30
673,arman,64,RU,07/23/2018 00:16:16,55,59.7,150.17,67.53,3.71,30 to 60
674,gwanda,68,ZW,07/23/2018 00:16:17,91,-20.94,29.0,52.68,6.96,-30 to 30
675,tatarsk,100,RU,07/23/2018 00:16:17,96,55.22,75.96,51.42,17.58,30 to 60
676,kourou,68,GF,07/22/2018 23:30:00,88,5.16,-52.64,78.8,3.36,0 to 30
677,foumbot,92,CM,07/23/2018 00:16:18,97,5.51,10.64,67.08,2.59,0 to 30
678,praia da vitoria,75,PT,07/23/2018 00:00:00,88,38.73,-27.07,71.6,15.46,30 to 60
679,ler,75,NO,07/22/2018 23:50:00,87,63.2,10.3,60.8,3.36,60 to 90
680,belaya gora,80,RU,07/23/2018 00:16:19,63,68.54,146.19,60.87,6.62,60 to 90
681,scarborough,24,GB,07/22/2018 23:50:00,82,54.28,-0.41,68.0,5.82,30 to 60
683,solec kujawski,0,PL,07/23/2018 00:00:00,72,53.08,18.22,64.4,4.7,30 to 60
684,thinadhoo,80,MV,07/23/2018 00:16:20,100,0.53,72.93,78.69,9.19,0 to 30
685,longhua,0,CN,07/22/2018 23:00:00,62,29.21,106.21,86.0,4.47,0 to 30
687,nazas,8,MX,07/23/2018 00:16:20,23,25.22,-104.11,89.76,4.38,0 to 30
689,zonguldak,0,TR,07/23/2018 00:16:21,95,41.25,31.83,68.34,3.38,30 to 60
690,puerto madryn,0,AR,07/23/2018 00:15:45,90,-42.77,-65.04,42.24,23.73,-60  to -30
691,tekkali,92,IN,07/23/2018 00:16:22,90,18.62,84.23,78.06,4.5,0 to 30
692,porgera,20,PG,07/23/2018 00:16:22,83,-5.46,143.15,60.96,2.71,-30 to 30
693,waslala,8,NI,07/23/2018 00:16:22,77,13.33,-85.37,78.24,5.84,0 to 30
694,bolitoc,92,PH,07/23/2018 00:16:23,100,15.74,119.88,74.64,6.06,0 to 30
695,noormarkku,0,FI,07/22/2018 23:50:00,93,61.59,21.87,59.0,4.7,60 to 90
696,murmashi,40,RU,07/22/2018 23:30:00,93,68.82,32.82,64.4,2.24,60 to 90
697,vostok,92,RU,07/23/2018 00:16:23,98,46.45,135.83,72.21,2.82,30 to 60
698,kahului,40,US,07/22/2018 22:56:00,66,20.89,-156.47,87.8,21.92,0 to 30
699,laguna,5,MX,07/22/2018 22:40:00,26,27.52,-110.01,104.0,10.29,0 to 30
700,oktyabrskoye,88,RU,07/23/2018 00:16:24,84,56.73,85.44,57.18,9.98,30 to 60
701,ucar,32,AZ,07/23/2018 00:16:25,80,40.51,47.65,70.68,2.37,30 to 60
702,roald,92,NO,07/22/2018 23:50:00,100,62.58,6.12,59.0,12.75,60 to 90
703,kemin,20,KG,07/23/2018 00:16:25,55,42.79,75.7,54.03,1.92,30 to 60
704,tazovskiy,12,RU,07/23/2018 00:16:26,56,67.47,78.7,65.37,12.44,60 to 90
705,parrita,75,CR,07/22/2018 23:00:00,78,9.52,-84.33,73.4,4.7,0 to 30
706,maracas,20,TT,07/22/2018 23:00:00,74,10.76,-61.44,80.6,10.29,0 to 30
707,san,8,ML,07/23/2018 00:16:27,79,13.3,-4.9,77.43,4.38,0 to 30
708,mahon,75,IE,07/22/2018 23:30:00,82,51.89,-8.4,68.0,4.7,30 to 60
709,xining,92,CN,07/23/2018 00:16:27,97,36.62,101.77,50.07,3.71,30 to 60
710,puerto del rosario,0,ES,07/23/2018 00:00:00,83,28.5,-13.86,69.8,19.46,0 to 30
711,heze,8,CN,07/23/2018 00:16:28,70,35.25,115.45,84.81,13.22,30 to 60
712,port augusta,40,AU,07/23/2018 00:00:00,34,-32.49,137.76,62.6,24.16,-60  to -30
713,araouane,12,ML,07/23/2018 00:16:29,30,18.9,-3.53,87.15,10.2,0 to 30
714,palasbari,75,IN,07/22/2018 23:30:00,94,26.14,91.55,84.2,5.61,0 to 30
715,douglas,1,US,07/22/2018 23:56:00,23,31.34,-109.55,96.8,13.87,30 to 60
716,cairns,75,AU,07/23/2018 00:00:00,78,-16.92,145.77,73.4,8.05,-30 to 30
718,biltine,0,TD,07/23/2018 00:16:30,60,14.53,20.93,73.02,3.49,0 to 30
719,aanekoski,0,FI,07/22/2018 23:50:00,93,62.6,25.73,59.0,3.04,60 to 90
720,shibetsu,40,JP,07/22/2018 23:00:00,77,44.15,142.46,64.4,10.29,30 to 60
721,sarandi,88,BR,07/23/2018 00:13:10,80,-27.94,-52.92,55.56,3.38,-30 to 30
722,bria,68,CF,07/23/2018 00:16:32,90,6.54,21.99,69.87,2.93,0 to 30
723,concepcion del uruguay,76,AR,07/23/2018 00:16:32,92,-32.48,-58.24,47.19,2.37,-60  to -30
724,iberia,0,PE,07/23/2018 00:16:32,88,-11.41,-69.49,70.23,2.04,-30 to 30
725,kochi,75,IN,07/22/2018 23:30:00,94,9.96,76.25,77.0,5.84,0 to 30
726,les escoumins,80,CA,07/23/2018 00:16:33,76,48.35,-69.4,70.59,2.26,30 to 60
727,lockport,75,CA,07/22/2018 23:00:00,83,50.09,-96.94,75.2,12.75,30 to 60
728,kachiry,12,KZ,07/23/2018 00:16:34,98,53.07,76.1,50.16,6.62,30 to 60
729,rio cuarto,0,AR,07/22/2018 23:00:00,33,-33.13,-64.35,44.6,8.05,-60  to -30
731,tahe,0,CN,07/23/2018 00:16:35,79,52.34,124.71,72.39,4.61,30 to 60
732,price,48,US,07/23/2018 00:16:09,57,39.6,-110.81,69.78,3.04,30 to 60
733,mikhaylovsk,0,RU,07/23/2018 00:16:35,86,56.44,59.12,41.88,2.26,30 to 60
734,ucluelet,5,CA,07/23/2018 00:00:00,53,48.94,-125.55,73.4,11.41,30 to 60
736,suez,0,EG,07/23/2018 00:16:36,71,29.97,32.54,76.08,3.71,0 to 30
737,osa,0,RU,07/23/2018 00:16:36,81,57.28,55.46,47.55,2.59,30 to 60
738,betera,20,ES,07/23/2018 00:00:00,69,39.58,-0.45,75.2,3.36,30 to 60
739,logan lake,20,CA,07/23/2018 00:00:00,25,50.49,-120.81,91.4,4.7,30 to 60
740,fallon,1,US,07/22/2018 22:56:00,22,46.84,-105.12,80.6,17.22,30 to 60
741,kampene,0,CD,07/23/2018 00:16:38,32,-3.59,26.67,79.68,5.5,-30 to 30
743,tarauaca,0,BR,07/23/2018 00:16:38,85,-8.16,-70.77,74.01,2.37,-30 to 30
744,dudinka,0,RU,07/23/2018 00:16:39,59,69.41,86.18,52.68,19.04,60 to 90
745,namibe,0,AO,07/23/2018 00:16:39,97,-15.19,12.15,67.35,9.75,-30 to 30
746,zeya,48,RU,07/23/2018 00:16:39,95,53.74,127.27,65.64,2.71,30 to 60
747,rockhampton,20,AU,07/23/2018 00:00:00,60,-23.38,150.51,69.8,6.93,-30 to 30
748,namatanai,92,PG,07/23/2018 00:16:40,100,-3.66,152.44,75.63,5.17,-30 to 30
749,marsa matruh,40,EG,07/22/2018 23:00:00,94,31.35,27.25,77.0,5.82,30 to 60
750,lower hutt,68,NZ,07/23/2018 00:00:00,62,-41.21,174.91,55.4,10.29,-60  to -30
751,vikulovo,92,RU,07/23/2018 00:16:41,84,55.07,40.96,64.83,14.0,30 to 60
752,kaka,0,TM,07/23/2018 00:16:41,55,37.35,59.62,71.94,4.05,30 to 60
753,yatou,75,CM,07/22/2018 23:00:00,100,3.63,9.81,77.0,1.12,0 to 30
754,williston,1,US,07/22/2018 23:55:00,34,48.15,-103.62,78.8,16.11,30 to 60
755,apastovo,0,RU,07/22/2018 23:30:00,67,55.2,48.51,59.0,13.42,30 to 60
756,malumfashi,44,NG,07/23/2018 00:16:42,81,11.79,7.62,76.08,7.18,0 to 30
757,college,1,US,07/22/2018 23:58:00,23,64.86,-147.8,86.0,2.93,60 to 90
758,birjand,0,IR,07/22/2018 23:00:00,30,32.86,59.22,80.6,6.93,30 to 60
759,kalga,0,RU,07/23/2018 00:16:43,86,50.92,118.9,66.09,5.84,30 to 60
760,luvianos,36,MX,07/23/2018 00:16:43,67,18.92,-100.4,70.86,2.93,0 to 30
761,verkhnevilyuysk,8,RU,07/23/2018 00:16:44,80,63.45,120.31,54.48,6.73,60 to 90
763,yantal,88,RU,07/23/2018 00:16:44,82,56.85,105.25,54.66,2.37,30 to 60
764,lazaro cardenas,40,MX,07/22/2018 22:49:00,17,28.39,-105.62,100.4,4.7,0 to 30
765,aquiraz,90,BR,07/22/2018 23:00:00,78,-3.9,-38.39,80.6,8.05,-30 to 30
766,celendin,40,PE,07/22/2018 23:00:00,48,-6.87,-78.15,64.4,8.05,-30 to 30
768,serdobsk,92,RU,07/23/2018 00:16:46,90,52.46,44.21,61.5,14.0,30 to 60
769,ponta delgada,20,PT,07/23/2018 00:00:00,77,37.73,-25.67,69.8,8.05,30 to 60
770,evanston,40,US,07/22/2018 23:53:00,78,42.04,-87.69,75.2,12.75,30 to 60
771,manali,68,IN,07/23/2018 00:14:21,89,32.25,77.19,34.95,0.92,30 to 60
772,noamundi,92,IN,07/23/2018 00:16:47,97,22.16,85.52,74.28,9.98,0 to 30
773,sumbe,24,AO,07/23/2018 00:16:47,100,-11.2,13.84,66.72,2.59,-30 to 30
774,dalvik,0,SE,07/22/2018 23:50:00,87,57.79,14.13,57.2,6.93,30 to 60
775,dengzhou,76,CN,07/23/2018 00:16:48,75,32.69,112.08,87.33,3.94,30 to 60
776,saryozek,92,KZ,07/23/2018 00:16:48,38,44.36,77.98,68.52,5.17,30 to 60
777,tobolsk,0,RU,07/23/2018 00:16:48,67,58.2,68.25,54.39,7.4,30 to 60
778,santa rosa,0,AR,07/23/2018 00:16:30,40,-36.62,-64.29,44.13,17.58,-60  to -30
779,kyshtovka,92,RU,07/23/2018 00:16:50,79,56.56,76.62,52.86,15.68,30 to 60
780,cayenne,80,GF,07/22/2018 23:30:00,88,4.94,-52.33,78.8,3.36,0 to 30
781,meleuz,0,RU,07/23/2018 00:16:51,63,52.96,55.93,51.96,8.41,30 to 60
782,ballina,92,IE,07/23/2018 00:16:51,91,54.11,-9.15,62.58,10.2,30 to 60
783,dubrovnik,0,HR,07/23/2018 00:00:00,78,42.65,18.09,73.4,4.7,30 to 60
784,rangapara,36,IN,07/23/2018 00:16:52,92,26.82,92.69,69.15,1.59,0 to 30
785,vetapalem,92,IN,07/23/2018 00:16:52,85,15.78,80.32,84.18,18.25,0 to 30
786,plettenberg bay,0,ZA,07/23/2018 00:15:05,73,-34.05,23.37,70.95,16.46,-60  to -30
787,alofi,0,NU,07/23/2018 00:00:00,61,-19.06,-169.92,78.8,10.29,-30 to 30
788,minsk,90,BY,07/22/2018 23:30:00,94,53.9,27.56,68.0,11.18,30 to 60
789,inirida,80,CO,07/23/2018 00:16:53,89,3.87,-67.92,76.8,2.15,0 to 30
790,moose factory,1,CA,07/23/2018 00:00:00,58,51.26,-80.61,59.0,8.05,30 to 60
791,sijunjung,88,ID,07/23/2018 00:16:54,95,-0.69,100.95,69.87,2.37,-30 to 30
792,mabaruma,92,GY,07/23/2018 00:16:55,93,8.2,-59.78,78.69,7.4,0 to 30
793,umm lajj,0,SA,07/23/2018 00:16:55,100,25.02,37.27,75.18,1.92,0 to 30
794,zhicheng,0,CN,07/23/2018 00:16:55,76,35.04,112.59,85.89,3.6,30 to 60
795,barra do garcas,8,BR,07/23/2018 00:16:56,70,-15.89,-52.26,69.06,1.36,-30 to 30
796,groa,0,FR,07/23/2018 00:00:00,100,48.67,-4.14,59.0,2.24,30 to 60
797,masterton,36,NZ,07/23/2018 00:16:57,72,-40.95,175.66,51.69,17.58,-60  to -30
798,nara,75,JP,07/22/2018 23:43:00,59,34.68,135.8,89.6,4.7,30 to 60
799,bodden town,20,KY,07/22/2018 23:00:00,74,19.28,-81.25,87.8,9.17,0 to 30
800,bajil,0,ES,07/23/2018 00:16:58,76,38.23,-2.07,67.08,5.61,30 to 60
801,dunda,64,IN,07/23/2018 00:16:58,100,30.62,78.32,60.06,1.36,30 to 60
802,dezhou,24,CN,07/23/2018 00:16:59,70,37.45,116.31,85.53,11.99,30 to 60
803,kishi,36,NG,07/23/2018 00:11:59,95,9.08,3.85,72.84,5.95,0 to 30
804,havoysund,75,NO,07/22/2018 23:50:00,100,71.0,24.66,48.2,3.36,60 to 90
806,dinguiraye,64,GN,07/23/2018 00:17:00,92,11.29,-10.71,68.34,3.04,0 to 30
807,biaora,92,IN,07/23/2018 00:17:00,98,23.92,76.91,75.0,9.08,0 to 30
808,mayumba,88,GA,07/23/2018 00:17:00,96,-3.44,10.65,69.96,5.5,-30 to 30
809,qingquan,75,TW,07/22/2018 23:45:00,79,24.58,121.1,84.2,4.7,0 to 30
810,bati,56,ET,07/23/2018 00:17:01,93,11.19,40.02,66.09,7.4,0 to 30
811,vestmanna,44,FO,07/22/2018 23:50:00,93,62.16,-7.17,50.0,3.36,60 to 90
812,aripuana,0,BR,07/23/2018 00:17:02,60,-9.17,-60.63,80.22,2.71,-30 to 30
813,lodja,20,CD,07/23/2018 00:17:02,37,-3.52,23.6,76.17,5.39,-30 to 30
814,miraflores,44,CO,07/23/2018 00:17:03,82,5.2,-73.14,55.74,1.92,0 to 30
816,nivala,12,FI,07/23/2018 00:17:03,80,63.93,24.96,64.92,4.72,60 to 90
817,maragogi,80,BR,07/23/2018 00:17:03,82,-9.01,-35.22,74.46,11.99,-30 to 30
818,raudeberg,92,NO,07/22/2018 23:50:00,93,61.99,5.14,57.2,10.29,60 to 90
819,sonqor,0,IR,07/22/2018 23:30:00,23,34.78,47.6,75.2,11.41,30 to 60
820,truckee,40,US,07/23/2018 00:06:00,64,39.33,-120.18,87.8,10.29,30 to 60
821,zakamensk,76,RU,07/23/2018 00:17:05,90,50.38,103.29,55.29,3.6,30 to 60
822,kasamwa,0,TZ,07/23/2018 00:17:05,68,-2.84,32.42,60.78,8.08,-30 to 30
823,longjiang,0,CN,07/23/2018 00:17:05,79,47.33,123.18,81.57,5.39,30 to 60
824,linkoping,0,SE,07/22/2018 23:50:00,72,58.41,15.62,62.6,3.36,30 to 60
825,craig,1,US,07/22/2018 23:56:00,23,40.52,-107.55,87.8,9.17,30 to 60
826,gravdal,92,NO,07/22/2018 23:50:00,100,59.79,5.78,57.2,1.12,30 to 60
827,brunswick,0,DE,07/22/2018 23:50:00,87,52.26,10.53,62.6,2.24,30 to 60
828,ariquemes,0,BR,07/23/2018 00:17:07,44,-9.91,-63.03,79.32,3.71,-30 to 30
829,manica,75,MZ,07/22/2018 23:00:00,93,-18.94,32.88,59.0,9.17,-30 to 30
830,manta,20,RO,07/23/2018 00:17:08,92,45.1,24.1,60.69,2.71,30 to 60
831,mahebourg,40,MU,07/22/2018 23:00:00,68,-20.41,57.7,69.8,10.29,-30 to 30
832,alta floresta,0,BR,07/23/2018 00:17:08,34,-9.87,-56.08,81.21,4.38,-30 to 30
833,ilebo,0,CD,07/23/2018 00:17:09,49,-4.33,20.59,74.91,4.5,-30 to 30
835,tekirdag,75,TR,07/22/2018 23:50:00,83,40.98,27.51,73.4,5.82,30 to 60
836,singaraja,20,ID,07/22/2018 23:30:00,83,-8.11,115.08,78.8,9.17,-30 to 30
837,olinda,75,EC,07/22/2018 23:00:00,65,-2.03,-79.75,78.8,9.17,-30 to 30
838,linxia,100,CN,07/23/2018 00:17:10,100,35.6,103.21,55.65,2.93,30 to 60
839,hervey bay,24,AU,07/23/2018 00:17:10,93,-25.3,152.85,65.73,3.94,-30 to 30
840,padrauna,80,IN,07/23/2018 00:17:11,72,26.9,83.98,83.01,11.99,0 to 30
841,sulphur,5,US,07/22/2018 23:55:00,63,30.24,-93.38,95.0,13.87,30 to 60
842,bures-sur-yvette,0,FR,07/23/2018 00:00:00,72,48.7,2.16,71.6,4.7,30 to 60
843,camopi,76,GF,07/23/2018 00:17:12,70,3.17,-52.33,79.77,3.15,0 to 30
844,bereda,8,ES,07/23/2018 00:00:00,88,43.27,-7.54,64.4,1.12,30 to 60
845,westport,92,IE,07/23/2018 00:17:12,97,53.8,-9.52,61.05,10.65,30 to 60
846,seydi,8,NE,07/23/2018 00:17:13,72,13.34,7.75,79.41,8.75,0 to 30
847,san jose,92,PH,07/23/2018 00:14:37,100,15.79,120.99,73.02,1.7,0 to 30
848,guhagar,92,IN,07/23/2018 00:17:14,100,17.48,73.19,75.72,12.44,0 to 30
850,san jeronimo,12,PE,07/23/2018 00:17:14,89,-13.65,-73.37,39.27,1.92,-30 to 30
851,gamba,88,CN,07/23/2018 00:17:15,98,28.28,88.52,33.06,2.26,0 to 30
854,esso,8,RU,07/23/2018 00:17:16,86,55.93,158.7,51.6,2.48,30 to 60
855,juegang,80,CN,07/23/2018 00:17:16,94,32.31,121.18,81.48,19.71,30 to 60
856,porto novo,20,BR,07/22/2018 23:00:00,82,-23.68,-45.44,64.4,6.93,-30 to 30
857,shahreza,0,IR,07/23/2018 00:17:16,42,32.01,51.87,54.39,2.48,30 to 60
858,kumluca,0,TR,07/23/2018 00:17:17,80,36.37,30.29,53.76,1.36,30 to 60
859,okha,20,RU,07/23/2018 00:17:17,94,53.59,142.95,58.71,5.5,30 to 60
860,raton,1,US,07/22/2018 23:53:00,18,36.9,-104.44,91.4,14.99,30 to 60
861,tarakan,44,ID,07/23/2018 00:17:18,95,3.3,117.63,83.19,5.06,0 to 30
862,sechura,44,PE,07/23/2018 00:17:18,79,-5.56,-80.82,70.23,12.21,-30 to 30
863,sangin,92,AF,07/23/2018 00:17:18,18,32.07,64.85,80.04,2.15,30 to 60
864,lourdes,20,SV,07/22/2018 22:50:00,78,13.73,-89.37,89.6,4.7,0 to 30
865,evensk,0,RU,07/23/2018 00:17:19,82,61.92,159.24,59.25,1.7,60 to 90
868,jacareacanga,0,BR,07/23/2018 00:17:20,75,-6.22,-57.76,80.04,1.14,-30 to 30
869,mahibadhoo,92,MV,07/23/2018 00:17:20,100,3.78,72.97,80.49,20.83,0 to 30
870,tolaga bay,0,NZ,07/23/2018 00:17:21,71,-38.37,178.3,54.84,9.75,-60  to -30
871,magalia,40,US,07/22/2018 23:56:00,30,39.81,-121.58,100.4,8.05,30 to 60
872,hoquiam,1,US,07/22/2018 23:53:00,73,46.98,-123.89,91.4,16.11,30 to 60
873,fergus falls,1,US,07/22/2018 23:51:00,57,46.28,-96.08,80.6,8.05,30 to 60
874,teguldet,0,RU,07/23/2018 00:17:22,63,57.31,88.17,58.62,8.3,30 to 60
875,ornskoldsvik,0,SE,07/22/2018 23:50:00,100,63.29,18.72,60.8,1.12,60 to 90
876,kjopsvik,36,NO,07/22/2018 23:50:00,93,68.1,16.37,51.8,2.24,60 to 90
877,baruun-urt,64,MN,07/23/2018 00:17:23,62,46.68,113.28,68.61,5.61,30 to 60
878,lacey,1,US,07/22/2018 23:58:00,25,47.03,-122.81,91.4,5.82,30 to 60
879,mwinilunga,0,ZM,07/23/2018 00:17:23,61,-11.73,24.43,53.94,5.73,-30 to 30
880,sainte-martine,75,CA,07/23/2018 00:00:00,61,45.25,-73.8,80.6,8.05,30 to 60
881,bijar,36,IR,07/23/2018 00:17:24,42,35.87,47.6,57.18,4.72,30 to 60
882,dondo,92,MZ,07/23/2018 00:17:24,95,-19.62,34.74,65.82,11.43,-30 to 30
883,maniitsoq,0,GL,07/23/2018 00:17:25,87,65.42,-52.9,45.21,3.71,60 to 90
884,calvinia,0,ZA,07/23/2018 00:17:25,35,-31.47,19.78,58.62,12.44,-60  to -30
885,abalak,0,NE,07/23/2018 00:17:25,65,15.46,6.28,80.13,9.53,0 to 30
886,tessalit,0,ML,07/23/2018 00:17:25,27,20.2,1.01,83.82,11.21,0 to 30
887,boralday,40,KZ,07/22/2018 23:30:00,48,43.36,76.86,66.2,4.47,30 to 60
888,davila,75,PH,07/22/2018 23:00:00,88,18.47,120.58,80.6,9.17,0 to 30
889,lianran,36,CN,07/22/2018 23:00:00,100,24.92,102.47,55.4,4.47,0 to 30
890,pompeu,0,BR,07/22/2018 23:00:00,36,-21.05,-48.85,77.0,10.42,-30 to 30
891,zihuatanejo,40,MX,07/22/2018 22:46:00,63,17.64,-101.55,93.2,10.29,0 to 30
892,baza,0,ES,07/23/2018 00:17:27,90,37.49,-2.77,53.67,1.7,30 to 60
893,burnie,92,AU,07/23/2018 00:17:28,100,-41.05,145.91,51.6,28.21,-60  to -30
894,abashiri,75,JP,07/22/2018 23:23:00,87,44.01,144.25,57.2,9.17,30 to 60
895,xichang,76,CN,07/23/2018 00:17:28,97,27.88,102.25,59.07,1.14,0 to 30
896,surab,0,PK,07/23/2018 00:17:29,39,28.49,66.26,62.31,2.26,0 to 30
897,mackay,40,CA,07/23/2018 00:00:00,59,53.65,-115.58,66.2,10.29,30 to 60
898,labytnangi,0,RU,07/23/2018 00:17:29,51,66.66,66.39,65.19,9.42,60 to 90
899,pitkyaranta,80,RU,07/23/2018 00:17:30,95,61.57,31.48,67.08,6.17,60 to 90
900,lakes entrance,0,AU,07/23/2018 00:16:18,91,-37.88,147.99,46.29,6.85,-60  to -30
901,gao,12,ML,07/23/2018 00:17:30,87,16.28,-0.04,80.22,4.72,0 to 30
902,salinas,1,US,07/22/2018 23:55:00,64,36.67,-121.66,77.0,12.75,30 to 60
903,baicheng,0,CN,07/23/2018 00:17:31,94,45.61,122.87,84.81,6.4,30 to 60
904,manokwari,44,ID,07/23/2018 00:17:31,100,-0.87,134.08,82.74,3.71,-30 to 30
905,biak,56,ID,07/23/2018 00:17:31,100,-0.91,122.88,74.91,4.72,-30 to 30
906,ocos,75,GT,07/22/2018 23:00:00,58,14.51,-92.19,91.4,6.93,0 to 30
907,dawei,92,MM,07/23/2018 00:17:32,100,14.07,98.19,71.76,2.04,0 to 30
908,santo angelo,92,BR,07/23/2018 00:14:41,80,-28.3,-54.26,56.37,4.61,-30 to 30
909,mizdah,0,LY,07/23/2018 00:17:33,29,31.45,12.98,74.1,4.5,30 to 60
910,aasiaat,88,GL,07/23/2018 00:17:33,94,68.71,-52.87,41.07,2.59,60 to 90
911,tagusao,92,PH,07/23/2018 00:17:33,86,9.19,117.81,83.37,11.21,0 to 30
912,jieshi,92,CN,07/23/2018 00:17:34,100,22.82,115.83,80.49,7.96,0 to 30
913,buala,88,SB,07/23/2018 00:17:34,87,-8.15,159.59,82.47,7.96,-30 to 30
914,corinto,0,BR,07/23/2018 00:17:34,51,-18.36,-44.46,65.82,8.3,-30 to 30
915,vigia,75,PT,07/23/2018 00:00:00,93,40.51,-8.69,64.4,5.82,30 to 60
916,oulu,48,FI,07/22/2018 23:50:00,88,65.01,25.47,66.2,5.82,60 to 90
917,samana,90,EC,07/22/2018 23:00:00,100,0.12,-76.97,71.6,4.7,0 to 30
918,bukama,0,CD,07/23/2018 00:17:36,52,-9.2,25.85,62.58,8.63,-30 to 30
919,quatre cocos,40,MU,07/22/2018 23:00:00,68,-20.21,57.76,69.8,10.29,-30 to 30
920,roma,0,IT,07/22/2018 23:50:00,88,41.89,12.48,75.2,4.7,30 to 60
921,tulun,48,RU,07/23/2018 00:17:37,77,54.56,100.58,59.61,3.15,30 to 60
922,el jicaro,12,GT,07/23/2018 00:17:37,47,14.91,-89.89,78.24,1.59,0 to 30
923,nardaran,75,AZ,07/22/2018 23:30:00,65,40.56,50.01,80.6,6.93,30 to 60
924,xifeng,0,CN,07/23/2018 00:17:37,70,42.73,124.72,83.19,6.85,30 to 60
925,nikolayevka,56,RU,07/23/2018 00:17:38,91,46.73,38.57,77.07,9.98,30 to 60
926,yola,48,NG,07/23/2018 00:17:38,87,9.26,12.45,75.27,2.71,0 to 30
927,walvis bay,36,NA,07/23/2018 00:17:38,92,-22.95,14.51,61.77,1.7,-30 to 30
928,lewistown,75,US,07/22/2018 23:40:00,73,40.39,-90.15,75.2,9.17,30 to 60
929,klyuchi,92,RU,07/23/2018 00:17:39,97,52.25,79.17,55.29,4.16,30 to 60
930,winnemucca,1,US,07/22/2018 23:56:00,12,40.97,-117.74,96.8,4.7,30 to 60
931,dunedin,20,NZ,07/23/2018 00:17:40,97,-45.87,170.5,43.77,5.39,-60  to -30
932,hailar,0,CN,07/23/2018 00:14:56,84,49.2,119.7,66.72,9.86,30 to 60
933,baghdad,0,IQ,07/22/2018 23:00:00,34,33.3,44.38,78.8,2.24,30 to 60
934,laurel,20,US,07/22/2018 23:53:00,21,45.67,-108.77,80.6,9.17,30 to 60
935,ust-ilimsk,56,RU,07/23/2018 00:17:41,74,57.96,102.73,53.85,3.38,30 to 60
936,jiujiang,8,CN,07/23/2018 00:17:41,94,29.73,115.99,84.36,1.48,0 to 30
937,naklo nad notecia,0,PL,07/23/2018 00:00:00,72,53.14,17.6,64.4,4.7,30 to 60
938,wamba,24,CD,07/23/2018 00:17:42,96,2.14,27.99,66.72,2.04,0 to 30
939,kholodnyy,76,RU,07/23/2018 00:17:42,51,62.72,147.95,67.71,8.75,60 to 90
940,ola,68,RU,07/23/2018 00:17:42,86,59.58,151.3,59.34,2.15,30 to 60
941,kazachinskoye,76,RU,07/23/2018 00:17:43,72,57.69,93.28,54.21,6.62,30 to 60
942,tiznit,0,MA,07/23/2018 00:17:43,94,29.7,-9.73,67.71,3.6,0 to 30
943,paulo ramos,20,BR,07/23/2018 00:17:43,61,-4.45,-45.24,80.22,8.41,-30 to 30
944,harlingen,1,US,07/22/2018 23:55:00,52,26.19,-97.7,100.4,19.46,0 to 30
945,shimoda,75,JP,07/22/2018 23:00:00,79,34.7,138.93,86.0,3.36,30 to 60
946,kambi,40,GR,07/22/2018 23:50:00,100,39.22,20.9,75.2,4.7,30 to 60
947,naliya,92,IN,07/23/2018 00:17:45,77,23.26,68.83,81.48,18.03,0 to 30
948,mecca,0,SA,07/22/2018 23:00:00,36,21.43,39.83,93.2,1.48,0 to 30
949,mont-joli,90,CA,07/23/2018 00:00:00,77,48.58,-68.19,68.0,2.15,30 to 60
950,gazli,0,UZ,07/23/2018 00:17:45,28,40.13,63.45,88.86,14.0,30 to 60
951,fereydun kenar,90,IR,07/22/2018 23:00:00,94,36.69,52.52,77.0,11.41,30 to 60
952,copacabana,75,CO,07/22/2018 23:00:00,63,6.35,-75.51,66.2,4.7,0 to 30
953,gdov,0,RU,07/23/2018 00:17:46,90,58.74,27.82,69.42,1.14,30 to 60
954,wichita falls,1,US,07/22/2018 23:55:00,11,33.91,-98.49,109.4,4.7,30 to 60
955,alice springs,0,AU,07/23/2018 00:00:00,17,-23.7,133.88,71.6,16.11,-30 to 30
956,kolpashevo,48,RU,07/23/2018 00:17:47,56,58.31,82.9,57.09,12.21,30 to 60
957,filadelfia,0,PY,07/23/2018 00:17:48,73,-22.35,-60.04,63.84,6.4,-30 to 30
958,sunland park,1,US,07/22/2018 23:58:00,11,31.8,-106.58,105.8,4.61,30 to 60
959,kiunga,92,PG,07/23/2018 00:17:48,86,-6.12,141.3,77.52,3.04,-30 to 30
960,inuvik,40,CA,07/23/2018 00:00:00,36,68.36,-133.71,80.6,6.93,60 to 90
961,puerto escondido,20,MX,07/22/2018 23:05:00,66,15.86,-97.07,89.6,8.05,0 to 30
962,louga,0,SN,07/22/2018 23:00:00,83,15.62,-16.22,80.6,4.7,0 to 30
963,el dorado,64,VE,07/23/2018 00:17:49,98,6.71,-61.64,73.11,2.15,0 to 30
964,burley,1,US,07/22/2018 22:53:00,11,42.54,-113.79,89.6,5.82,30 to 60
965,kovrov,20,RU,07/23/2018 00:17:50,72,56.37,41.31,68.07,12.33,30 to 60
966,jiangyou,68,CN,07/23/2018 00:17:50,85,31.78,104.73,74.64,3.94,30 to 60
967,brainerd,1,US,07/22/2018 23:39:00,68,46.36,-94.2,78.8,3.36,30 to 60
968,birin,0,SY,07/23/2018 00:17:51,87,35.01,36.67,68.7,6.73,30 to 60
969,batemans bay,0,AU,07/23/2018 00:17:51,100,-35.71,150.18,43.41,4.05,-60  to -30
971,mlimba,24,TZ,07/23/2018 00:17:52,53,-8.78,35.81,68.61,4.5,-30 to 30
972,tsiroanomandidy,0,MG,07/23/2018 00:17:52,69,-18.77,46.05,57.36,12.33,-30 to 30
973,novobirilyussy,92,RU,07/23/2018 00:17:53,66,56.95,90.69,57.27,9.19,30 to 60
974,shubarshi,8,KZ,07/23/2018 00:17:53,37,48.59,57.19,62.94,16.8,30 to 60
975,labuhan,32,ID,07/23/2018 00:17:53,92,-2.54,115.51,75.54,2.71,-30 to 30
976,kamenka,92,RU,07/23/2018 00:17:54,99,53.19,44.05,59.61,13.67,30 to 60
977,ulaanbaatar,75,MN,07/22/2018 23:30:00,77,47.92,106.92,60.8,2.24,30 to 60
978,vikramasingapuram,40,IN,07/23/2018 00:00:00,78,8.71,77.39,78.8,11.41,0 to 30
979,penzance,8,GB,07/22/2018 22:50:00,93,50.12,-5.53,62.6,4.7,30 to 60
980,silver city,40,US,07/22/2018 23:55:00,17,32.77,-108.28,95.0,5.82,30 to 60
981,salo,0,FI,07/22/2018 23:50:00,100,60.38,23.13,59.0,2.24,60 to 90
982,sao felix do xingu,0,BR,07/23/2018 00:17:55,52,-6.64,-51.99,80.49,3.15,-30 to 30
983,meulaboh,76,ID,07/23/2018 00:17:56,100,4.14,96.13,79.32,3.94,0 to 30
984,rio bueno,20,JM,07/22/2018 23:00:00,74,18.47,-77.46,86.0,9.17,0 to 30
985,snezhnogorsk,40,RU,07/22/2018 23:30:00,93,69.19,33.23,64.4,2.24,60 to 90
987,kachug,0,RU,07/23/2018 00:17:57,79,53.96,105.89,55.74,3.6,30 to 60
988,breves,80,BR,07/23/2018 00:17:57,55,-1.68,-50.48,87.06,7.4,-30 to 30
989,kamenskiy,36,RU,07/23/2018 00:17:57,81,50.89,45.49,65.91,8.97,30 to 60
990,palora,100,EC,07/23/2018 00:17:58,100,-1.7,-77.97,59.97,2.48,-30 to 30
991,anyang,0,CN,07/23/2018 00:17:58,74,36.1,114.34,85.17,12.66,30 to 60
992,sao jose da coroa grande,80,BR,07/23/2018 00:17:58,82,-8.9,-35.15,74.46,11.99,-30 to 30
993,sayville,90,US,07/23/2018 00:13:00,100,40.74,-73.08,75.2,12.75,30 to 60
994,stolin,92,BY,07/23/2018 00:17:59,94,51.89,26.85,66.63,11.88,30 to 60
